seccion_ine|distrito_ine|municipio_ine|distrito_mitma|municipio_mitma|gau_mitma
3500101001|3500101|35001|35001|35001|35001
3500101002|3500101|35001|35001|35001|35001
3500101003|3500101|35001|35001|35001|35001
3500101004|3500101|35001|35001|35001|35001
3500101005|3500101|35001|35001|35001|35001
3500201001|3500201|35002|35002|35002|GAU Gran Canaria Sur
3500201002|3500201|35002|35002|35002|GAU Gran Canaria Sur
3500201003|3500201|35002|35002|35002|GAU Gran Canaria Sur
3500201004|3500201|35002|35002|35002|GAU Gran Canaria Sur
3500201005|3500201|35002|35002|35002|GAU Gran Canaria Sur
3500201006|3500201|35002|35002|35002|GAU Gran Canaria Sur
3500201007|3500201|35002|35002|35002|GAU Gran Canaria Sur
3500201008|3500201|35002|35002|35002|GAU Gran Canaria Sur
3500201009|3500201|35002|35002|35002|GAU Gran Canaria Sur
3500201010|3500201|35002|35002|35002|GAU Gran Canaria Sur
3500201011|3500201|35002|35002|35002|GAU Gran Canaria Sur
3500201012|3500201|35002|35002|35002|GAU Gran Canaria Sur
3500201013|3500201|35002|35002|35002|GAU Gran Canaria Sur
3500201014|3500201|35002|35002|35002|GAU Gran Canaria Sur
3500201015|3500201|35002|35002|35002|GAU Gran Canaria Sur
3500201016|3500201|35002|35002|35002|GAU Gran Canaria Sur
3500201017|3500201|35002|35002|35002|GAU Gran Canaria Sur
3500201018|3500201|35002|35002|35002|GAU Gran Canaria Sur
3500201019|3500201|35002|35002|35002|GAU Gran Canaria Sur
3500201020|3500201|35002|35002|35002|GAU Gran Canaria Sur
3500201021|3500201|35002|35002|35002|GAU Gran Canaria Sur
3500201022|3500201|35002|35002|35002|GAU Gran Canaria Sur
3500201023|3500201|35002|35002|35002|GAU Gran Canaria Sur
3500301001|3500301|35003|35003_AM|35003_AM|35003_AM
3500301002|3500301|35003|35003_AM|35003_AM|35003_AM
3500301003|3500301|35003|35003_AM|35003_AM|35003_AM
3500301004|3500301|35003|35003_AM|35003_AM|35003_AM
3500301005|3500301|35003|35003_AM|35003_AM|35003_AM
3500401001|3500401|35004|3500401|35004|GAU Arrecife
3500401002|3500401|35004|3500401|35004|GAU Arrecife
3500401003|3500401|35004|3500401|35004|GAU Arrecife
3500401004|3500401|35004|3500401|35004|GAU Arrecife
3500401005|3500401|35004|3500401|35004|GAU Arrecife
3500401006|3500401|35004|3500401|35004|GAU Arrecife
3500401007|3500401|35004|3500401|35004|GAU Arrecife
3500401008|3500401|35004|3500401|35004|GAU Arrecife
3500401009|3500401|35004|3500401|35004|GAU Arrecife
3500401010|3500401|35004|3500401|35004|GAU Arrecife
3500401011|3500401|35004|3500401|35004|GAU Arrecife
3500401012|3500401|35004|3500401|35004|GAU Arrecife
3500402001|3500402|35004|3500402|35004|GAU Arrecife
3500402002|3500402|35004|3500402|35004|GAU Arrecife
3500402003|3500402|35004|3500402|35004|GAU Arrecife
3500402004|3500402|35004|3500402|35004|GAU Arrecife
3500402005|3500402|35004|3500402|35004|GAU Arrecife
3500402006|3500402|35004|3500402|35004|GAU Arrecife
3500402007|3500402|35004|3500402|35004|GAU Arrecife
3500402008|3500402|35004|3500402|35004|GAU Arrecife
3500402009|3500402|35004|3500402|35004|GAU Arrecife
3500402010|3500402|35004|3500402|35004|GAU Arrecife
3500402011|3500402|35004|3500402|35004|GAU Arrecife
3500402012|3500402|35004|3500402|35004|GAU Arrecife
3500402013|3500402|35004|3500402|35004|GAU Arrecife
3500402014|3500402|35004|3500402|35004|GAU Arrecife
3500402015|3500402|35004|3500402|35004|GAU Arrecife
3500402016|3500402|35004|3500402|35004|GAU Arrecife
3500402017|3500402|35004|3500402|35004|GAU Arrecife
3500402018|3500402|35004|3500402|35004|GAU Arrecife
3500402019|3500402|35004|3500402|35004|GAU Arrecife
3500402020|3500402|35004|3500402|35004|GAU Arrecife
3500501001|3500501|35005|35025_AM|35025_AM|35025_AM
3500601001|3500601|35006|35006|35006|GAU Las Palmas de Gran Canaria
3500601002|3500601|35006|35006|35006|GAU Las Palmas de Gran Canaria
3500601003|3500601|35006|35006|35006|GAU Las Palmas de Gran Canaria
3500601004|3500601|35006|35006|35006|GAU Las Palmas de Gran Canaria
3500601005|3500601|35006|35006|35006|GAU Las Palmas de Gran Canaria
3500602001|3500602|35006|35006|35006|GAU Las Palmas de Gran Canaria
3500602002|3500602|35006|35006|35006|GAU Las Palmas de Gran Canaria
3500602003|3500602|35006|35006|35006|GAU Las Palmas de Gran Canaria
3500603001|3500603|35006|35006|35006|GAU Las Palmas de Gran Canaria
3500603002|3500603|35006|35006|35006|GAU Las Palmas de Gran Canaria
3500603003|3500603|35006|35006|35006|GAU Las Palmas de Gran Canaria
3500603004|3500603|35006|35006|35006|GAU Las Palmas de Gran Canaria
3500604001|3500604|35006|35006|35006|GAU Las Palmas de Gran Canaria
3500604002|3500604|35006|35006|35006|GAU Las Palmas de Gran Canaria
3500604003|3500604|35006|35006|35006|GAU Las Palmas de Gran Canaria
3500604004|3500604|35006|35006|35006|GAU Las Palmas de Gran Canaria
3500605001|3500605|35006|35006|35006|GAU Las Palmas de Gran Canaria
3500605002|3500605|35006|35006|35006|GAU Las Palmas de Gran Canaria
3500605003|3500605|35006|35006|35006|GAU Las Palmas de Gran Canaria
3500605004|3500605|35006|35006|35006|GAU Las Palmas de Gran Canaria
3500605005|3500605|35006|35006|35006|GAU Las Palmas de Gran Canaria
3500605006|3500605|35006|35006|35006|GAU Las Palmas de Gran Canaria
3500606001|3500606|35006|35006|35006|GAU Las Palmas de Gran Canaria
3500606002|3500606|35006|35006|35006|GAU Las Palmas de Gran Canaria
3500606003|3500606|35006|35006|35006|GAU Las Palmas de Gran Canaria
3500607001|3500607|35006|35006|35006|GAU Las Palmas de Gran Canaria
3500607002|3500607|35006|35006|35006|GAU Las Palmas de Gran Canaria
3500701001|3500701|35007|35003_AM|35003_AM|35003_AM
3500801001|3500801|35008|35008|35008|35008
3500801002|3500801|35008|35008|35008|35008
3500802001|3500802|35008|35008|35008|35008
3500803001|3500803|35008|35008|35008|35008
3500803002|3500803|35008|35008|35008|35008
3500804001|3500804|35008|35008|35008|35008
3500804002|3500804|35008|35008|35008|35008
3500901001|3500901|35009|35009|35009|35009
3500901002|3500901|35009|35009|35009|35009
3500901003|3500901|35009|35009|35009|35009
3500901004|3500901|35009|35009|35009|35009
3500901005|3500901|35009|35009|35009|35009
3500901006|3500901|35009|35009|35009|35009
3500901007|3500901|35009|35009|35009|35009
3500901008|3500901|35009|35009|35009|35009
3500901009|3500901|35009|35009|35009|35009
3500901010|3500901|35009|35009|35009|35009
3500901011|3500901|35009|35009|35009|35009
3500901013|3500901|35009|35009|35009|35009
3500901014|3500901|35009|35009|35009|35009
3500901015|3500901|35009|35009|35009|35009
3500901016|3500901|35009|35009|35009|35009
3500901017|3500901|35009|35009|35009|35009
3501001001|3501001|35010|35010|35010|35010
3501001002|3501001|35010|35010|35010|35010
3501001003|3501001|35010|35010|35010|35010
3501001004|3501001|35010|35010|35010|35010
3501101001|3501101|35011|3501101|35011|GAU Gran Canaria Sur
3501101002|3501101|35011|3501101|35011|GAU Gran Canaria Sur
3501101003|3501101|35011|3501101|35011|GAU Gran Canaria Sur
3501101004|3501101|35011|3501101|35011|GAU Gran Canaria Sur
3501101005|3501101|35011|3501101|35011|GAU Gran Canaria Sur
3501101006|3501101|35011|3501101|35011|GAU Gran Canaria Sur
3501101007|3501101|35011|3501101|35011|GAU Gran Canaria Sur
3501102001|3501102|35011|3501102|35011|GAU Gran Canaria Sur
3501102002|3501102|35011|3501102|35011|GAU Gran Canaria Sur
3501102003|3501102|35011|3501102|35011|GAU Gran Canaria Sur
3501103001|3501103|35011|3501103|35011|GAU Gran Canaria Sur
3501103002|3501103|35011|3501103|35011|GAU Gran Canaria Sur
3501103003|3501103|35011|3501103|35011|GAU Gran Canaria Sur
3501103004|3501103|35011|3501103|35011|GAU Gran Canaria Sur
3501103005|3501103|35011|3501103|35011|GAU Gran Canaria Sur
3501103006|3501103|35011|3501103|35011|GAU Gran Canaria Sur
3501103007|3501103|35011|3501103|35011|GAU Gran Canaria Sur
3501103008|3501103|35011|3501103|35011|GAU Gran Canaria Sur
3501201001|3501201|35012|35012|35012|GAU Gran Canaria Sur
3501201002|3501201|35012|35012|35012|GAU Gran Canaria Sur
3501201003|3501201|35012|35012|35012|GAU Gran Canaria Sur
3501202001|3501202|35012|35012|35012|GAU Gran Canaria Sur
3501202002|3501202|35012|35012|35012|GAU Gran Canaria Sur
3501203001|3501203|35012|35012|35012|GAU Gran Canaria Sur
3501203002|3501203|35012|35012|35012|GAU Gran Canaria Sur
3501204001|3501204|35012|35012|35012|GAU Gran Canaria Sur
3501204002|3501204|35012|35012|35012|GAU Gran Canaria Sur
3501204003|3501204|35012|35012|35012|GAU Gran Canaria Sur
3501205001|3501205|35012|35012|35012|GAU Gran Canaria Sur
3501301001|3501301|35013|35013|35013|35013
3501301002|3501301|35013|35013|35013|35013
3501301003|3501301|35013|35013|35013|35013
3501301004|3501301|35013|35013|35013|35013
3501301005|3501301|35013|35013|35013|35013
3501301006|3501301|35013|35013|35013|35013
3501401001|3501401|35014|35014|35014|35014
3501401002|3501401|35014|35014|35014|35014
3501401003|3501401|35014|35014|35014|35014
3501401004|3501401|35014|35014|35014|35014
3501401005|3501401|35014|35014|35014|35014
3501401006|3501401|35014|35014|35014|35014
3501401007|3501401|35014|35014|35014|35014
3501401008|3501401|35014|35014|35014|35014
3501401009|3501401|35014|35014|35014|35014
3501401010|3501401|35014|35014|35014|35014
3501501001|3501501|35015|35015|35015|35015
3501502001|3501502|35015|35015|35015|35015
3501503001|3501503|35015|35015|35015|35015
3501503002|3501503|35015|35015|35015|35015
3501504001|3501504|35015|35015|35015|35015
3501504002|3501504|35015|35015|35015|35015
3501504003|3501504|35015|35015|35015|35015
3501504004|3501504|35015|35015|35015|35015
3501504005|3501504|35015|35015|35015|35015
3501504006|3501504|35015|35015|35015|35015
3501601001|3501601|35016|3501601|35016|GAU Las Palmas de Gran Canaria
3501601003|3501601|35016|3501601|35016|GAU Las Palmas de Gran Canaria
3501601004|3501601|35016|3501601|35016|GAU Las Palmas de Gran Canaria
3501601005|3501601|35016|3501601|35016|GAU Las Palmas de Gran Canaria
3501601006|3501601|35016|3501601|35016|GAU Las Palmas de Gran Canaria
3501601007|3501601|35016|3501601|35016|GAU Las Palmas de Gran Canaria
3501601008|3501601|35016|3501601|35016|GAU Las Palmas de Gran Canaria
3501601010|3501601|35016|3501601|35016|GAU Las Palmas de Gran Canaria
3501601011|3501601|35016|3501601|35016|GAU Las Palmas de Gran Canaria
3501601012|3501601|35016|3501601|35016|GAU Las Palmas de Gran Canaria
3501601013|3501601|35016|3501601|35016|GAU Las Palmas de Gran Canaria
3501601014|3501601|35016|3501601|35016|GAU Las Palmas de Gran Canaria
3501601015|3501601|35016|3501601|35016|GAU Las Palmas de Gran Canaria
3501601017|3501601|35016|3501601|35016|GAU Las Palmas de Gran Canaria
3501601018|3501601|35016|3501601|35016|GAU Las Palmas de Gran Canaria
3501601019|3501601|35016|3501601|35016|GAU Las Palmas de Gran Canaria
3501601020|3501601|35016|3501601|35016|GAU Las Palmas de Gran Canaria
3501601021|3501601|35016|3501601|35016|GAU Las Palmas de Gran Canaria
3501601023|3501601|35016|3501601|35016|GAU Las Palmas de Gran Canaria
3501601024|3501601|35016|3501601|35016|GAU Las Palmas de Gran Canaria
3501601025|3501601|35016|3501601|35016|GAU Las Palmas de Gran Canaria
3501601026|3501601|35016|3501601|35016|GAU Las Palmas de Gran Canaria
3501601027|3501601|35016|3501601|35016|GAU Las Palmas de Gran Canaria
3501601029|3501601|35016|3501601|35016|GAU Las Palmas de Gran Canaria
3501601030|3501601|35016|3501601|35016|GAU Las Palmas de Gran Canaria
3501601031|3501601|35016|3501601|35016|GAU Las Palmas de Gran Canaria
3501601032|3501601|35016|3501601|35016|GAU Las Palmas de Gran Canaria
3501601033|3501601|35016|3501601|35016|GAU Las Palmas de Gran Canaria
3501601034|3501601|35016|3501601|35016|GAU Las Palmas de Gran Canaria
3501601035|3501601|35016|3501601|35016|GAU Las Palmas de Gran Canaria
3501601036|3501601|35016|3501601|35016|GAU Las Palmas de Gran Canaria
3501601037|3501601|35016|3501601|35016|GAU Las Palmas de Gran Canaria
3501601038|3501601|35016|3501601|35016|GAU Las Palmas de Gran Canaria
3501601039|3501601|35016|3501601|35016|GAU Las Palmas de Gran Canaria
3501601040|3501601|35016|3501601|35016|GAU Las Palmas de Gran Canaria
3501601041|3501601|35016|3501601|35016|GAU Las Palmas de Gran Canaria
3501601042|3501601|35016|3501601|35016|GAU Las Palmas de Gran Canaria
3501601043|3501601|35016|3501601|35016|GAU Las Palmas de Gran Canaria
3501601044|3501601|35016|3501601|35016|GAU Las Palmas de Gran Canaria
3501601045|3501601|35016|3501601|35016|GAU Las Palmas de Gran Canaria
3501601046|3501601|35016|3501601|35016|GAU Las Palmas de Gran Canaria
3501601047|3501601|35016|3501601|35016|GAU Las Palmas de Gran Canaria
3501601048|3501601|35016|3501601|35016|GAU Las Palmas de Gran Canaria
3501601049|3501601|35016|3501601|35016|GAU Las Palmas de Gran Canaria
3501601050|3501601|35016|3501601|35016|GAU Las Palmas de Gran Canaria
3501601051|3501601|35016|3501601|35016|GAU Las Palmas de Gran Canaria
3501601052|3501601|35016|3501601|35016|GAU Las Palmas de Gran Canaria
3501601053|3501601|35016|3501601|35016|GAU Las Palmas de Gran Canaria
3501601054|3501601|35016|3501601|35016|GAU Las Palmas de Gran Canaria
3501601055|3501601|35016|3501601|35016|GAU Las Palmas de Gran Canaria
3501601056|3501601|35016|3501601|35016|GAU Las Palmas de Gran Canaria
3501601057|3501601|35016|3501601|35016|GAU Las Palmas de Gran Canaria
3501601058|3501601|35016|3501601|35016|GAU Las Palmas de Gran Canaria
3501601059|3501601|35016|3501601|35016|GAU Las Palmas de Gran Canaria
3501601060|3501601|35016|3501601|35016|GAU Las Palmas de Gran Canaria
3501601061|3501601|35016|3501601|35016|GAU Las Palmas de Gran Canaria
3501601062|3501601|35016|3501601|35016|GAU Las Palmas de Gran Canaria
3501601063|3501601|35016|3501601|35016|GAU Las Palmas de Gran Canaria
3501602001|3501602|35016|3501602|35016|GAU Las Palmas de Gran Canaria
3501602002|3501602|35016|3501602|35016|GAU Las Palmas de Gran Canaria
3501602003|3501602|35016|3501602|35016|GAU Las Palmas de Gran Canaria
3501602004|3501602|35016|3501602|35016|GAU Las Palmas de Gran Canaria
3501602005|3501602|35016|3501602|35016|GAU Las Palmas de Gran Canaria
3501602006|3501602|35016|3501602|35016|GAU Las Palmas de Gran Canaria
3501602007|3501602|35016|3501602|35016|GAU Las Palmas de Gran Canaria
3501602009|3501602|35016|3501602|35016|GAU Las Palmas de Gran Canaria
3501602010|3501602|35016|3501602|35016|GAU Las Palmas de Gran Canaria
3501602011|3501602|35016|3501602|35016|GAU Las Palmas de Gran Canaria
3501602012|3501602|35016|3501602|35016|GAU Las Palmas de Gran Canaria
3501602013|3501602|35016|3501602|35016|GAU Las Palmas de Gran Canaria
3501602014|3501602|35016|3501602|35016|GAU Las Palmas de Gran Canaria
3501602015|3501602|35016|3501602|35016|GAU Las Palmas de Gran Canaria
3501602016|3501602|35016|3501602|35016|GAU Las Palmas de Gran Canaria
3501602018|3501602|35016|3501602|35016|GAU Las Palmas de Gran Canaria
3501602019|3501602|35016|3501602|35016|GAU Las Palmas de Gran Canaria
3501602020|3501602|35016|3501602|35016|GAU Las Palmas de Gran Canaria
3501602021|3501602|35016|3501602|35016|GAU Las Palmas de Gran Canaria
3501602022|3501602|35016|3501602|35016|GAU Las Palmas de Gran Canaria
3501602023|3501602|35016|3501602|35016|GAU Las Palmas de Gran Canaria
3501602025|3501602|35016|3501602|35016|GAU Las Palmas de Gran Canaria
3501602026|3501602|35016|3501602|35016|GAU Las Palmas de Gran Canaria
3501602027|3501602|35016|3501602|35016|GAU Las Palmas de Gran Canaria
3501602028|3501602|35016|3501602|35016|GAU Las Palmas de Gran Canaria
3501602029|3501602|35016|3501602|35016|GAU Las Palmas de Gran Canaria
3501602030|3501602|35016|3501602|35016|GAU Las Palmas de Gran Canaria
3501602032|3501602|35016|3501602|35016|GAU Las Palmas de Gran Canaria
3501602033|3501602|35016|3501602|35016|GAU Las Palmas de Gran Canaria
3501602034|3501602|35016|3501602|35016|GAU Las Palmas de Gran Canaria
3501602035|3501602|35016|3501602|35016|GAU Las Palmas de Gran Canaria
3501602036|3501602|35016|3501602|35016|GAU Las Palmas de Gran Canaria
3501602037|3501602|35016|3501602|35016|GAU Las Palmas de Gran Canaria
3501602038|3501602|35016|3501602|35016|GAU Las Palmas de Gran Canaria
3501602039|3501602|35016|3501602|35016|GAU Las Palmas de Gran Canaria
3501602040|3501602|35016|3501602|35016|GAU Las Palmas de Gran Canaria
3501602041|3501602|35016|3501602|35016|GAU Las Palmas de Gran Canaria
3501602042|3501602|35016|3501602|35016|GAU Las Palmas de Gran Canaria
3501602043|3501602|35016|3501602|35016|GAU Las Palmas de Gran Canaria
3501602044|3501602|35016|3501602|35016|GAU Las Palmas de Gran Canaria
3501602045|3501602|35016|3501602|35016|GAU Las Palmas de Gran Canaria
3501602046|3501602|35016|3501602|35016|GAU Las Palmas de Gran Canaria
3501602047|3501602|35016|3501602|35016|GAU Las Palmas de Gran Canaria
3501602048|3501602|35016|3501602|35016|GAU Las Palmas de Gran Canaria
3501602049|3501602|35016|3501602|35016|GAU Las Palmas de Gran Canaria
3501602050|3501602|35016|3501602|35016|GAU Las Palmas de Gran Canaria
3501602051|3501602|35016|3501602|35016|GAU Las Palmas de Gran Canaria
3501602052|3501602|35016|3501602|35016|GAU Las Palmas de Gran Canaria
3501602053|3501602|35016|3501602|35016|GAU Las Palmas de Gran Canaria
3501602054|3501602|35016|3501602|35016|GAU Las Palmas de Gran Canaria
3501602055|3501602|35016|3501602|35016|GAU Las Palmas de Gran Canaria
3501602056|3501602|35016|3501602|35016|GAU Las Palmas de Gran Canaria
3501602057|3501602|35016|3501602|35016|GAU Las Palmas de Gran Canaria
3501602058|3501602|35016|3501602|35016|GAU Las Palmas de Gran Canaria
3501602059|3501602|35016|3501602|35016|GAU Las Palmas de Gran Canaria
3501602061|3501602|35016|3501602|35016|GAU Las Palmas de Gran Canaria
3501602064|3501602|35016|3501602|35016|GAU Las Palmas de Gran Canaria
3501602065|3501602|35016|3501602|35016|GAU Las Palmas de Gran Canaria
3501603001|3501603|35016|3501603|35016|GAU Las Palmas de Gran Canaria
3501603002|3501603|35016|3501603|35016|GAU Las Palmas de Gran Canaria
3501603003|3501603|35016|3501603|35016|GAU Las Palmas de Gran Canaria
3501603004|3501603|35016|3501603|35016|GAU Las Palmas de Gran Canaria
3501603005|3501603|35016|3501603|35016|GAU Las Palmas de Gran Canaria
3501603006|3501603|35016|3501603|35016|GAU Las Palmas de Gran Canaria
3501603007|3501603|35016|3501603|35016|GAU Las Palmas de Gran Canaria
3501603008|3501603|35016|3501603|35016|GAU Las Palmas de Gran Canaria
3501603009|3501603|35016|3501603|35016|GAU Las Palmas de Gran Canaria
3501603010|3501603|35016|3501603|35016|GAU Las Palmas de Gran Canaria
3501603011|3501603|35016|3501603|35016|GAU Las Palmas de Gran Canaria
3501603012|3501603|35016|3501603|35016|GAU Las Palmas de Gran Canaria
3501603013|3501603|35016|3501603|35016|GAU Las Palmas de Gran Canaria
3501603014|3501603|35016|3501603|35016|GAU Las Palmas de Gran Canaria
3501603015|3501603|35016|3501603|35016|GAU Las Palmas de Gran Canaria
3501603016|3501603|35016|3501603|35016|GAU Las Palmas de Gran Canaria
3501603017|3501603|35016|3501603|35016|GAU Las Palmas de Gran Canaria
3501603018|3501603|35016|3501603|35016|GAU Las Palmas de Gran Canaria
3501603019|3501603|35016|3501603|35016|GAU Las Palmas de Gran Canaria
3501603020|3501603|35016|3501603|35016|GAU Las Palmas de Gran Canaria
3501603021|3501603|35016|3501603|35016|GAU Las Palmas de Gran Canaria
3501603022|3501603|35016|3501603|35016|GAU Las Palmas de Gran Canaria
3501603023|3501603|35016|3501603|35016|GAU Las Palmas de Gran Canaria
3501603024|3501603|35016|3501603|35016|GAU Las Palmas de Gran Canaria
3501603025|3501603|35016|3501603|35016|GAU Las Palmas de Gran Canaria
3501603026|3501603|35016|3501603|35016|GAU Las Palmas de Gran Canaria
3501603027|3501603|35016|3501603|35016|GAU Las Palmas de Gran Canaria
3501603028|3501603|35016|3501603|35016|GAU Las Palmas de Gran Canaria
3501603029|3501603|35016|3501603|35016|GAU Las Palmas de Gran Canaria
3501603030|3501603|35016|3501603|35016|GAU Las Palmas de Gran Canaria
3501603031|3501603|35016|3501603|35016|GAU Las Palmas de Gran Canaria
3501603032|3501603|35016|3501603|35016|GAU Las Palmas de Gran Canaria
3501603033|3501603|35016|3501603|35016|GAU Las Palmas de Gran Canaria
3501603034|3501603|35016|3501603|35016|GAU Las Palmas de Gran Canaria
3501603035|3501603|35016|3501603|35016|GAU Las Palmas de Gran Canaria
3501603036|3501603|35016|3501603|35016|GAU Las Palmas de Gran Canaria
3501603037|3501603|35016|3501603|35016|GAU Las Palmas de Gran Canaria
3501603038|3501603|35016|3501603|35016|GAU Las Palmas de Gran Canaria
3501603040|3501603|35016|3501603|35016|GAU Las Palmas de Gran Canaria
3501603041|3501603|35016|3501603|35016|GAU Las Palmas de Gran Canaria
3501603042|3501603|35016|3501603|35016|GAU Las Palmas de Gran Canaria
3501603043|3501603|35016|3501603|35016|GAU Las Palmas de Gran Canaria
3501603044|3501603|35016|3501603|35016|GAU Las Palmas de Gran Canaria
3501603045|3501603|35016|3501603|35016|GAU Las Palmas de Gran Canaria
3501603046|3501603|35016|3501603|35016|GAU Las Palmas de Gran Canaria
3501604001|3501604|35016|3501604|35016|GAU Las Palmas de Gran Canaria
3501604002|3501604|35016|3501604|35016|GAU Las Palmas de Gran Canaria
3501604003|3501604|35016|3501604|35016|GAU Las Palmas de Gran Canaria
3501604004|3501604|35016|3501604|35016|GAU Las Palmas de Gran Canaria
3501604005|3501604|35016|3501604|35016|GAU Las Palmas de Gran Canaria
3501604006|3501604|35016|3501604|35016|GAU Las Palmas de Gran Canaria
3501604007|3501604|35016|3501604|35016|GAU Las Palmas de Gran Canaria
3501604008|3501604|35016|3501604|35016|GAU Las Palmas de Gran Canaria
3501604009|3501604|35016|3501604|35016|GAU Las Palmas de Gran Canaria
3501604011|3501604|35016|3501604|35016|GAU Las Palmas de Gran Canaria
3501604012|3501604|35016|3501604|35016|GAU Las Palmas de Gran Canaria
3501604013|3501604|35016|3501604|35016|GAU Las Palmas de Gran Canaria
3501604014|3501604|35016|3501604|35016|GAU Las Palmas de Gran Canaria
3501604015|3501604|35016|3501604|35016|GAU Las Palmas de Gran Canaria
3501604016|3501604|35016|3501604|35016|GAU Las Palmas de Gran Canaria
3501604017|3501604|35016|3501604|35016|GAU Las Palmas de Gran Canaria
3501604019|3501604|35016|3501604|35016|GAU Las Palmas de Gran Canaria
3501604020|3501604|35016|3501604|35016|GAU Las Palmas de Gran Canaria
3501604021|3501604|35016|3501604|35016|GAU Las Palmas de Gran Canaria
3501604022|3501604|35016|3501604|35016|GAU Las Palmas de Gran Canaria
3501604023|3501604|35016|3501604|35016|GAU Las Palmas de Gran Canaria
3501604024|3501604|35016|3501604|35016|GAU Las Palmas de Gran Canaria
3501604025|3501604|35016|3501604|35016|GAU Las Palmas de Gran Canaria
3501604026|3501604|35016|3501604|35016|GAU Las Palmas de Gran Canaria
3501604027|3501604|35016|3501604|35016|GAU Las Palmas de Gran Canaria
3501604028|3501604|35016|3501604|35016|GAU Las Palmas de Gran Canaria
3501604029|3501604|35016|3501604|35016|GAU Las Palmas de Gran Canaria
3501604030|3501604|35016|3501604|35016|GAU Las Palmas de Gran Canaria
3501604031|3501604|35016|3501604|35016|GAU Las Palmas de Gran Canaria
3501604032|3501604|35016|3501604|35016|GAU Las Palmas de Gran Canaria
3501604033|3501604|35016|3501604|35016|GAU Las Palmas de Gran Canaria
3501604034|3501604|35016|3501604|35016|GAU Las Palmas de Gran Canaria
3501604035|3501604|35016|3501604|35016|GAU Las Palmas de Gran Canaria
3501604036|3501604|35016|3501604|35016|GAU Las Palmas de Gran Canaria
3501604037|3501604|35016|3501604|35016|GAU Las Palmas de Gran Canaria
3501604038|3501604|35016|3501604|35016|GAU Las Palmas de Gran Canaria
3501604039|3501604|35016|3501604|35016|GAU Las Palmas de Gran Canaria
3501604040|3501604|35016|3501604|35016|GAU Las Palmas de Gran Canaria
3501604041|3501604|35016|3501604|35016|GAU Las Palmas de Gran Canaria
3501604042|3501604|35016|3501604|35016|GAU Las Palmas de Gran Canaria
3501604043|3501604|35016|3501604|35016|GAU Las Palmas de Gran Canaria
3501604045|3501604|35016|3501604|35016|GAU Las Palmas de Gran Canaria
3501604046|3501604|35016|3501604|35016|GAU Las Palmas de Gran Canaria
3501604047|3501604|35016|3501604|35016|GAU Las Palmas de Gran Canaria
3501604048|3501604|35016|3501604|35016|GAU Las Palmas de Gran Canaria
3501604049|3501604|35016|3501604|35016|GAU Las Palmas de Gran Canaria
3501604050|3501604|35016|3501604|35016|GAU Las Palmas de Gran Canaria
3501604051|3501604|35016|3501604|35016|GAU Las Palmas de Gran Canaria
3501604052|3501604|35016|3501604|35016|GAU Las Palmas de Gran Canaria
3501604053|3501604|35016|3501604|35016|GAU Las Palmas de Gran Canaria
3501604055|3501604|35016|3501604|35016|GAU Las Palmas de Gran Canaria
3501604056|3501604|35016|3501604|35016|GAU Las Palmas de Gran Canaria
3501604057|3501604|35016|3501604|35016|GAU Las Palmas de Gran Canaria
3501604058|3501604|35016|3501604|35016|GAU Las Palmas de Gran Canaria
3501604059|3501604|35016|3501604|35016|GAU Las Palmas de Gran Canaria
3501604060|3501604|35016|3501604|35016|GAU Las Palmas de Gran Canaria
3501604061|3501604|35016|3501604|35016|GAU Las Palmas de Gran Canaria
3501604062|3501604|35016|3501604|35016|GAU Las Palmas de Gran Canaria
3501604063|3501604|35016|3501604|35016|GAU Las Palmas de Gran Canaria
3501604064|3501604|35016|3501604|35016|GAU Las Palmas de Gran Canaria
3501604065|3501604|35016|3501604|35016|GAU Las Palmas de Gran Canaria
3501604066|3501604|35016|3501604|35016|GAU Las Palmas de Gran Canaria
3501604067|3501604|35016|3501604|35016|GAU Las Palmas de Gran Canaria
3501604068|3501604|35016|3501604|35016|GAU Las Palmas de Gran Canaria
3501604069|3501604|35016|3501604|35016|GAU Las Palmas de Gran Canaria
3501604070|3501604|35016|3501604|35016|GAU Las Palmas de Gran Canaria
3501604071|3501604|35016|3501604|35016|GAU Las Palmas de Gran Canaria
3501604073|3501604|35016|3501604|35016|GAU Las Palmas de Gran Canaria
3501604074|3501604|35016|3501604|35016|GAU Las Palmas de Gran Canaria
3501604075|3501604|35016|3501604|35016|GAU Las Palmas de Gran Canaria
3501604076|3501604|35016|3501604|35016|GAU Las Palmas de Gran Canaria
3501604077|3501604|35016|3501604|35016|GAU Las Palmas de Gran Canaria
3501604078|3501604|35016|3501604|35016|GAU Las Palmas de Gran Canaria
3501604079|3501604|35016|3501604|35016|GAU Las Palmas de Gran Canaria
3501604080|3501604|35016|3501604|35016|GAU Las Palmas de Gran Canaria
3501604081|3501604|35016|3501604|35016|GAU Las Palmas de Gran Canaria
3501604082|3501604|35016|3501604|35016|GAU Las Palmas de Gran Canaria
3501604083|3501604|35016|3501604|35016|GAU Las Palmas de Gran Canaria
3501604084|3501604|35016|3501604|35016|GAU Las Palmas de Gran Canaria
3501605001|3501605|35016|3501605|35016|GAU Las Palmas de Gran Canaria
3501605002|3501605|35016|3501605|35016|GAU Las Palmas de Gran Canaria
3501605003|3501605|35016|3501605|35016|GAU Las Palmas de Gran Canaria
3501605004|3501605|35016|3501605|35016|GAU Las Palmas de Gran Canaria
3501605005|3501605|35016|3501605|35016|GAU Las Palmas de Gran Canaria
3501605006|3501605|35016|3501605|35016|GAU Las Palmas de Gran Canaria
3501605007|3501605|35016|3501605|35016|GAU Las Palmas de Gran Canaria
3501605008|3501605|35016|3501605|35016|GAU Las Palmas de Gran Canaria
3501605009|3501605|35016|3501605|35016|GAU Las Palmas de Gran Canaria
3501605010|3501605|35016|3501605|35016|GAU Las Palmas de Gran Canaria
3501605011|3501605|35016|3501605|35016|GAU Las Palmas de Gran Canaria
3501605012|3501605|35016|3501605|35016|GAU Las Palmas de Gran Canaria
3501605013|3501605|35016|3501605|35016|GAU Las Palmas de Gran Canaria
3501605014|3501605|35016|3501605|35016|GAU Las Palmas de Gran Canaria
3501605015|3501605|35016|3501605|35016|GAU Las Palmas de Gran Canaria
3501605016|3501605|35016|3501605|35016|GAU Las Palmas de Gran Canaria
3501605017|3501605|35016|3501605|35016|GAU Las Palmas de Gran Canaria
3501605018|3501605|35016|3501605|35016|GAU Las Palmas de Gran Canaria
3501605019|3501605|35016|3501605|35016|GAU Las Palmas de Gran Canaria
3501605020|3501605|35016|3501605|35016|GAU Las Palmas de Gran Canaria
3501605021|3501605|35016|3501605|35016|GAU Las Palmas de Gran Canaria
3501605022|3501605|35016|3501605|35016|GAU Las Palmas de Gran Canaria
3501605023|3501605|35016|3501605|35016|GAU Las Palmas de Gran Canaria
3501605024|3501605|35016|3501605|35016|GAU Las Palmas de Gran Canaria
3501605025|3501605|35016|3501605|35016|GAU Las Palmas de Gran Canaria
3501605026|3501605|35016|3501605|35016|GAU Las Palmas de Gran Canaria
3501605027|3501605|35016|3501605|35016|GAU Las Palmas de Gran Canaria
3501605028|3501605|35016|3501605|35016|GAU Las Palmas de Gran Canaria
3501605029|3501605|35016|3501605|35016|GAU Las Palmas de Gran Canaria
3501605030|3501605|35016|3501605|35016|GAU Las Palmas de Gran Canaria
3501605031|3501605|35016|3501605|35016|GAU Las Palmas de Gran Canaria
3501605032|3501605|35016|3501605|35016|GAU Las Palmas de Gran Canaria
3501605033|3501605|35016|3501605|35016|GAU Las Palmas de Gran Canaria
3501605034|3501605|35016|3501605|35016|GAU Las Palmas de Gran Canaria
3501605035|3501605|35016|3501605|35016|GAU Las Palmas de Gran Canaria
3501701001|3501701|35017|3501701|35017|35017
3501701002|3501701|35017|3501701|35017|35017
3501701003|3501701|35017|3501701|35017|35017
3501701004|3501701|35017|3501701|35017|35017
3501701006|3501701|35017|3501701|35017|35017
3501701007|3501701|35017|3501701|35017|35017
3501701008|3501701|35017|3501701|35017|35017
3501701009|3501701|35017|3501701|35017|35017
3501701010|3501701|35017|3501701|35017|35017
3501701011|3501701|35017|3501701|35017|35017
3501701012|3501701|35017|3501701|35017|35017
3501701013|3501701|35017|3501701|35017|35017
3501701014|3501701|35017|3501701|35017|35017
3501701015|3501701|35017|3501701|35017|35017
3501701016|3501701|35017|3501701|35017|35017
3501701017|3501701|35017|3501701|35017|35017
3501701018|3501701|35017|3501701|35017|35017
3501702001|3501702|35017|3501702|35017|35017
3501702002|3501702|35017|3501702|35017|35017
3501702003|3501702|35017|3501702|35017|35017
3501703001|3501703|35017|3501703|35017|35017
3501703002|3501703|35017|3501703|35017|35017
3501801001|3501801|35018|3501801|35018|35018
3501801002|3501801|35018|3501801|35018|35018
3501801003|3501801|35018|3501801|35018|35018
3501801004|3501801|35018|3501801|35018|35018
3501802001|3501802|35018|3501802|35018|35018
3501802002|3501802|35018|3501802|35018|35018
3501802003|3501802|35018|3501802|35018|35018
3501802004|3501802|35018|3501802|35018|35018
3501802005|3501802|35018|3501802|35018|35018
3501802006|3501802|35018|3501802|35018|35018
3501901001|3501901|35019|3501904_AD|35019|GAU Gran Canaria Sur
3501902001|3501902|35019|3501902|35019|GAU Gran Canaria Sur
3501902002|3501902|35019|3501902|35019|GAU Gran Canaria Sur
3501902003|3501902|35019|3501902|35019|GAU Gran Canaria Sur
3501903001|3501903|35019|3501903|35019|GAU Gran Canaria Sur
3501903002|3501903|35019|3501903|35019|GAU Gran Canaria Sur
3501903003|3501903|35019|3501903|35019|GAU Gran Canaria Sur
3501903004|3501903|35019|3501903|35019|GAU Gran Canaria Sur
3501903005|3501903|35019|3501903|35019|GAU Gran Canaria Sur
3501903006|3501903|35019|3501903|35019|GAU Gran Canaria Sur
3501903007|3501903|35019|3501903|35019|GAU Gran Canaria Sur
3501903008|3501903|35019|3501903|35019|GAU Gran Canaria Sur
3501903009|3501903|35019|3501903|35019|GAU Gran Canaria Sur
3501903010|3501903|35019|3501903|35019|GAU Gran Canaria Sur
3501903011|3501903|35019|3501903|35019|GAU Gran Canaria Sur
3501903012|3501903|35019|3501903|35019|GAU Gran Canaria Sur
3501903013|3501903|35019|3501903|35019|GAU Gran Canaria Sur
3501903014|3501903|35019|3501903|35019|GAU Gran Canaria Sur
3501903015|3501903|35019|3501903|35019|GAU Gran Canaria Sur
3501903016|3501903|35019|3501903|35019|GAU Gran Canaria Sur
3501903017|3501903|35019|3501903|35019|GAU Gran Canaria Sur
3501903018|3501903|35019|3501903|35019|GAU Gran Canaria Sur
3501904001|3501904|35019|3501904_AD|35019|GAU Gran Canaria Sur
3501904002|3501904|35019|3501904_AD|35019|GAU Gran Canaria Sur
3501904003|3501904|35019|3501904_AD|35019|GAU Gran Canaria Sur
3501904004|3501904|35019|3501904_AD|35019|GAU Gran Canaria Sur
3501904005|3501904|35019|3501904_AD|35019|GAU Gran Canaria Sur
3501904006|3501904|35019|3501904_AD|35019|GAU Gran Canaria Sur
3502001001|3502001|35020|35020|35020|35020
3502001002|3502001|35020|35020|35020|35020
3502001003|3502001|35020|35020|35020|35020
3502001004|3502001|35020|35020|35020|35020
3502001005|3502001|35020|35020|35020|35020
3502001006|3502001|35020|35020|35020|35020
3502001007|3502001|35020|35020|35020|35020
3502101001|3502101|35021|35021|35021|GAU Las Palmas de Gran Canaria
3502101002|3502101|35021|35021|35021|GAU Las Palmas de Gran Canaria
3502101003|3502101|35021|35021|35021|GAU Las Palmas de Gran Canaria
3502101004|3502101|35021|35021|35021|GAU Las Palmas de Gran Canaria
3502102001|3502102|35021|35021|35021|GAU Las Palmas de Gran Canaria
3502102002|3502102|35021|35021|35021|GAU Las Palmas de Gran Canaria
3502103001|3502103|35021|35021|35021|GAU Las Palmas de Gran Canaria
3502103002|3502103|35021|35021|35021|GAU Las Palmas de Gran Canaria
3502103003|3502103|35021|35021|35021|GAU Las Palmas de Gran Canaria
3502103004|3502103|35021|35021|35021|GAU Las Palmas de Gran Canaria
3502104001|3502104|35021|35021|35021|GAU Las Palmas de Gran Canaria
3502104002|3502104|35021|35021|35021|GAU Las Palmas de Gran Canaria
3502201001|3502201|35022|3502202_AD|35022|GAU Gran Canaria Sur
3502202001|3502202|35022|3502202_AD|35022|GAU Gran Canaria Sur
3502202002|3502202|35022|3502202_AD|35022|GAU Gran Canaria Sur
3502202003|3502202|35022|3502202_AD|35022|GAU Gran Canaria Sur
3502202004|3502202|35022|3502202_AD|35022|GAU Gran Canaria Sur
3502202005|3502202|35022|3502202_AD|35022|GAU Gran Canaria Sur
3502202006|3502202|35022|3502202_AD|35022|GAU Gran Canaria Sur
3502202007|3502202|35022|3502202_AD|35022|GAU Gran Canaria Sur
3502203001|3502203|35022|3502203|35022|GAU Gran Canaria Sur
3502203002|3502203|35022|3502203|35022|GAU Gran Canaria Sur
3502203003|3502203|35022|3502203|35022|GAU Gran Canaria Sur
3502203004|3502203|35022|3502203|35022|GAU Gran Canaria Sur
3502203005|3502203|35022|3502203|35022|GAU Gran Canaria Sur
3502203006|3502203|35022|3502203|35022|GAU Gran Canaria Sur
3502203007|3502203|35022|3502203|35022|GAU Gran Canaria Sur
3502203008|3502203|35022|3502203|35022|GAU Gran Canaria Sur
3502203009|3502203|35022|3502203|35022|GAU Gran Canaria Sur
3502203010|3502203|35022|3502203|35022|GAU Gran Canaria Sur
3502203011|3502203|35022|3502203|35022|GAU Gran Canaria Sur
3502203012|3502203|35022|3502203|35022|GAU Gran Canaria Sur
3502203013|3502203|35022|3502203|35022|GAU Gran Canaria Sur
3502203014|3502203|35022|3502203|35022|GAU Gran Canaria Sur
3502203015|3502203|35022|3502203|35022|GAU Gran Canaria Sur
3502203016|3502203|35022|3502203|35022|GAU Gran Canaria Sur
3502203017|3502203|35022|3502203|35022|GAU Gran Canaria Sur
3502203018|3502203|35022|3502203|35022|GAU Gran Canaria Sur
3502203019|3502203|35022|3502203|35022|GAU Gran Canaria Sur
3502203020|3502203|35022|3502203|35022|GAU Gran Canaria Sur
3502203021|3502203|35022|3502203|35022|GAU Gran Canaria Sur
3502203022|3502203|35022|3502203|35022|GAU Gran Canaria Sur
3502203023|3502203|35022|3502203|35022|GAU Gran Canaria Sur
3502203024|3502203|35022|3502203|35022|GAU Gran Canaria Sur
3502203025|3502203|35022|3502203|35022|GAU Gran Canaria Sur
3502203026|3502203|35022|3502203|35022|GAU Gran Canaria Sur
3502203027|3502203|35022|3502203|35022|GAU Gran Canaria Sur
3502203028|3502203|35022|3502203|35022|GAU Gran Canaria Sur
3502203029|3502203|35022|3502203|35022|GAU Gran Canaria Sur
3502203030|3502203|35022|3502203|35022|GAU Gran Canaria Sur
3502203031|3502203|35022|3502203|35022|GAU Gran Canaria Sur
3502301001|3502301|35023|35023|35023|35023
3502301002|3502301|35023|35023|35023|35023
3502301003|3502301|35023|35023|35023|35023
3502301004|3502301|35023|35023|35023|35023
3502301005|3502301|35023|35023|35023|35023
3502301006|3502301|35023|35023|35023|35023
3502301007|3502301|35023|35023|35023|35023
3502301008|3502301|35023|35023|35023|35023
3502301009|3502301|35023|35023|35023|35023
3502301010|3502301|35023|35023|35023|35023
3502301011|3502301|35023|35023|35023|35023
3502301012|3502301|35023|35023|35023|35023
3502401001|3502401|35024|35024|35024|35024
3502401002|3502401|35024|35024|35024|35024
3502401003|3502401|35024|35024|35024|35024
3502401004|3502401|35024|35024|35024|35024
3502401005|3502401|35024|35024|35024|35024
3502401006|3502401|35024|35024|35024|35024
3502401007|3502401|35024|35024|35024|35024
3502401008|3502401|35024|35024|35024|35024
3502401009|3502401|35024|35024|35024|35024
3502401010|3502401|35024|35024|35024|35024
3502501001|3502501|35025|35025_AM|35025_AM|35025_AM
3502501002|3502501|35025|35025_AM|35025_AM|35025_AM
3502601001|3502601|35026|3502601|35026|GAU Las Palmas de Gran Canaria
3502601002|3502601|35026|3502601|35026|GAU Las Palmas de Gran Canaria
3502601003|3502601|35026|3502601|35026|GAU Las Palmas de Gran Canaria
3502602001|3502602|35026|3502602|35026|GAU Las Palmas de Gran Canaria
3502602002|3502602|35026|3502602|35026|GAU Las Palmas de Gran Canaria
3502602003|3502602|35026|3502602|35026|GAU Las Palmas de Gran Canaria
3502602004|3502602|35026|3502602|35026|GAU Las Palmas de Gran Canaria
3502602005|3502602|35026|3502602|35026|GAU Las Palmas de Gran Canaria
3502602006|3502602|35026|3502602|35026|GAU Las Palmas de Gran Canaria
3502602007|3502602|35026|3502602|35026|GAU Las Palmas de Gran Canaria
3502602008|3502602|35026|3502602|35026|GAU Las Palmas de Gran Canaria
3502602009|3502602|35026|3502602|35026|GAU Las Palmas de Gran Canaria
3502602010|3502602|35026|3502602|35026|GAU Las Palmas de Gran Canaria
3502602011|3502602|35026|3502602|35026|GAU Las Palmas de Gran Canaria
3502603001|3502603|35026|3502603|35026|GAU Las Palmas de Gran Canaria
3502603002|3502603|35026|3502603|35026|GAU Las Palmas de Gran Canaria
3502603003|3502603|35026|3502603|35026|GAU Las Palmas de Gran Canaria
3502603004|3502603|35026|3502603|35026|GAU Las Palmas de Gran Canaria
3502603005|3502603|35026|3502603|35026|GAU Las Palmas de Gran Canaria
3502603006|3502603|35026|3502603|35026|GAU Las Palmas de Gran Canaria
3502603007|3502603|35026|3502603|35026|GAU Las Palmas de Gran Canaria
3502603008|3502603|35026|3502603|35026|GAU Las Palmas de Gran Canaria
3502603009|3502603|35026|3502603|35026|GAU Las Palmas de Gran Canaria
3502603010|3502603|35026|3502603|35026|GAU Las Palmas de Gran Canaria
3502603011|3502603|35026|3502603|35026|GAU Las Palmas de Gran Canaria
3502603012|3502603|35026|3502603|35026|GAU Las Palmas de Gran Canaria
3502603013|3502603|35026|3502603|35026|GAU Las Palmas de Gran Canaria
3502603014|3502603|35026|3502603|35026|GAU Las Palmas de Gran Canaria
3502603015|3502603|35026|3502603|35026|GAU Las Palmas de Gran Canaria
3502603016|3502603|35026|3502603|35026|GAU Las Palmas de Gran Canaria
3502603017|3502603|35026|3502603|35026|GAU Las Palmas de Gran Canaria
3502603018|3502603|35026|3502603|35026|GAU Las Palmas de Gran Canaria
3502603019|3502603|35026|3502603|35026|GAU Las Palmas de Gran Canaria
3502603020|3502603|35026|3502603|35026|GAU Las Palmas de Gran Canaria
3502603021|3502603|35026|3502603|35026|GAU Las Palmas de Gran Canaria
3502603022|3502603|35026|3502603|35026|GAU Las Palmas de Gran Canaria
3502603023|3502603|35026|3502603|35026|GAU Las Palmas de Gran Canaria
3502604001|3502604|35026|3502604|35026|GAU Las Palmas de Gran Canaria
3502604002|3502604|35026|3502604|35026|GAU Las Palmas de Gran Canaria
3502604003|3502604|35026|3502604|35026|GAU Las Palmas de Gran Canaria
3502604004|3502604|35026|3502604|35026|GAU Las Palmas de Gran Canaria
3502605001|3502605|35026|3502605|35026|GAU Las Palmas de Gran Canaria
3502605002|3502605|35026|3502605|35026|GAU Las Palmas de Gran Canaria
3502605003|3502605|35026|3502605|35026|GAU Las Palmas de Gran Canaria
3502605004|3502605|35026|3502605|35026|GAU Las Palmas de Gran Canaria
3502605005|3502605|35026|3502605|35026|GAU Las Palmas de Gran Canaria
3502605006|3502605|35026|3502605|35026|GAU Las Palmas de Gran Canaria
3502605007|3502605|35026|3502605|35026|GAU Las Palmas de Gran Canaria
3502605008|3502605|35026|3502605|35026|GAU Las Palmas de Gran Canaria
3502605009|3502605|35026|3502605|35026|GAU Las Palmas de Gran Canaria
3502605010|3502605|35026|3502605|35026|GAU Las Palmas de Gran Canaria
3502605011|3502605|35026|3502605|35026|GAU Las Palmas de Gran Canaria
3502606001|3502606|35026|3502606|35026|GAU Las Palmas de Gran Canaria
3502606002|3502606|35026|3502606|35026|GAU Las Palmas de Gran Canaria
3502606003|3502606|35026|3502606|35026|GAU Las Palmas de Gran Canaria
3502606004|3502606|35026|3502606|35026|GAU Las Palmas de Gran Canaria
3502606005|3502606|35026|3502606|35026|GAU Las Palmas de Gran Canaria
3502606006|3502606|35026|3502606|35026|GAU Las Palmas de Gran Canaria
3502606007|3502606|35026|3502606|35026|GAU Las Palmas de Gran Canaria
3502606008|3502606|35026|3502606|35026|GAU Las Palmas de Gran Canaria
3502606009|3502606|35026|3502606|35026|GAU Las Palmas de Gran Canaria
3502606010|3502606|35026|3502606|35026|GAU Las Palmas de Gran Canaria
3502606011|3502606|35026|3502606|35026|GAU Las Palmas de Gran Canaria
3502606012|3502606|35026|3502606|35026|GAU Las Palmas de Gran Canaria
3502606013|3502606|35026|3502606|35026|GAU Las Palmas de Gran Canaria
3502606014|3502606|35026|3502606|35026|GAU Las Palmas de Gran Canaria
3502606015|3502606|35026|3502606|35026|GAU Las Palmas de Gran Canaria
3502701001|3502701|35027|35027|35027|35027
3502701002|3502701|35027|35027|35027|35027
3502701003|3502701|35027|35027|35027|35027
3502701004|3502701|35027|35027|35027|35027
3502701005|3502701|35027|35027|35027|35027
3502701006|3502701|35027|35027|35027|35027
3502701007|3502701|35027|35027|35027|35027
3502701008|3502701|35027|35027|35027|35027
3502701009|3502701|35027|35027|35027|35027
3502701010|3502701|35027|35027|35027|35027
3502801001|3502801|35028|35028|35028|35028
3502801002|3502801|35028|35028|35028|35028
3502801003|3502801|35028|35028|35028|35028
3502801004|3502801|35028|35028|35028|35028
3502801005|3502801|35028|35028|35028|35028
3502801006|3502801|35028|35028|35028|35028
3502801007|3502801|35028|35028|35028|35028
3502901001|3502901|35029|35029|35029|35029
3502901002|3502901|35029|35029|35029|35029
3502901003|3502901|35029|35029|35029|35029
3502901004|3502901|35029|35029|35029|35029
3503001001|3503001|35030|35030|35030|35030
3503001002|3503001|35030|35030|35030|35030
3503001003|3503001|35030|35030|35030|35030
3503001004|3503001|35030|35030|35030|35030
3503001005|3503001|35030|35030|35030|35030
3503001006|3503001|35030|35030|35030|35030
3503001007|3503001|35030|35030|35030|35030
3503101001|3503101|35031|35031|35031|35031
3503101002|3503101|35031|35031|35031|35031
3503101003|3503101|35031|35031|35031|35031
3503101004|3503101|35031|35031|35031|35031
3503101005|3503101|35031|35031|35031|35031
3503101006|3503101|35031|35031|35031|35031
3503201001|3503201|35032|35032|35032|35032
3503201002|3503201|35032|35032|35032|35032
3503201003|3503201|35032|35032|35032|35032
3503301001|3503301|35033|35033|35033|35033
3503301002|3503301|35033|35033|35033|35033
3503301003|3503301|35033|35033|35033|35033
3503301004|3503301|35033|35033|35033|35033
3503301005|3503301|35033|35033|35033|35033
3503301006|3503301|35033|35033|35033|35033
3503301007|3503301|35033|35033|35033|35033
3503401001|3503401|35034|35034|35034|35034
3503401002|3503401|35034|35034|35034|35034
3503401003|3503401|35034|35034|35034|35034
3503401004|3503401|35034|35034|35034|35034
3503401005|3503401|35034|35034|35034|35034
3503401006|3503401|35034|35034|35034|35034
3800101001|3800101|38001|38001|38001|GAU Tenerife Sur
3800101002|3800101|38001|38001|38001|GAU Tenerife Sur
3800101003|3800101|38001|38001|38001|GAU Tenerife Sur
3800101004|3800101|38001|38001|38001|GAU Tenerife Sur
3800101005|3800101|38001|38001|38001|GAU Tenerife Sur
3800101006|3800101|38001|38001|38001|GAU Tenerife Sur
3800101007|3800101|38001|38001|38001|GAU Tenerife Sur
3800101008|3800101|38001|38001|38001|GAU Tenerife Sur
3800101009|3800101|38001|38001|38001|GAU Tenerife Sur
3800101010|3800101|38001|38001|38001|GAU Tenerife Sur
3800101011|3800101|38001|38001|38001|GAU Tenerife Sur
3800101012|3800101|38001|38001|38001|GAU Tenerife Sur
3800101013|3800101|38001|38001|38001|GAU Tenerife Sur
3800101014|3800101|38001|38001|38001|GAU Tenerife Sur
3800101015|3800101|38001|38001|38001|GAU Tenerife Sur
3800101016|3800101|38001|38001|38001|GAU Tenerife Sur
3800101017|3800101|38001|38001|38001|GAU Tenerife Sur
3800101018|3800101|38001|38001|38001|GAU Tenerife Sur
3800201001|3800201|38002|38021_AM|38021_AM|38021_AM
3800301001|3800301|38003|38036_AM|38036_AM|38036_AM
3800401001|3800401|38004|38004|38004|38004
3800401002|3800401|38004|38004|38004|38004
3800401003|3800401|38004|38004|38004|38004
3800501001|3800501|38005|38005|38005|38005
3800501002|3800501|38005|38005|38005|38005
3800501003|3800501|38005|38005|38005|38005
3800501004|3800501|38005|38005|38005|38005
3800501005|3800501|38005|38005|38005|38005
3800501006|3800501|38005|38005|38005|38005
3800601001|3800601|38006|38006|38006|GAU Tenerife Sur
3800601002|3800601|38006|38006|38006|GAU Tenerife Sur
3800601003|3800601|38006|38006|38006|GAU Tenerife Sur
3800601004|3800601|38006|38006|38006|GAU Tenerife Sur
3800601005|3800601|38006|38006|38006|GAU Tenerife Sur
3800601006|3800601|38006|38006|38006|GAU Tenerife Sur
3800601007|3800601|38006|38006|38006|GAU Tenerife Sur
3800601008|3800601|38006|38006|38006|GAU Tenerife Sur
3800601009|3800601|38006|38006|38006|GAU Tenerife Sur
3800601010|3800601|38006|38006|38006|GAU Tenerife Sur
3800601011|3800601|38006|38006|38006|GAU Tenerife Sur
3800601012|3800601|38006|38006|38006|GAU Tenerife Sur
3800601013|3800601|38006|38006|38006|GAU Tenerife Sur
3800601014|3800601|38006|38006|38006|GAU Tenerife Sur
3800601015|3800601|38006|38006|38006|GAU Tenerife Sur
3800601016|3800601|38006|38006|38006|GAU Tenerife Sur
3800601017|3800601|38006|38006|38006|GAU Tenerife Sur
3800601018|3800601|38006|38006|38006|GAU Tenerife Sur
3800601019|3800601|38006|38006|38006|GAU Tenerife Sur
3800601020|3800601|38006|38006|38006|GAU Tenerife Sur
3800601021|3800601|38006|38006|38006|GAU Tenerife Sur
3800601022|3800601|38006|38006|38006|GAU Tenerife Sur
3800601023|3800601|38006|38006|38006|GAU Tenerife Sur
3800601024|3800601|38006|38006|38006|GAU Tenerife Sur
3800601025|3800601|38006|38006|38006|GAU Tenerife Sur
3800601026|3800601|38006|38006|38006|GAU Tenerife Sur
3800601027|3800601|38006|38006|38006|GAU Tenerife Sur
3800601028|3800601|38006|38006|38006|GAU Tenerife Sur
3800601029|3800601|38006|38006|38006|GAU Tenerife Sur
3800601030|3800601|38006|38006|38006|GAU Tenerife Sur
3800601031|3800601|38006|38006|38006|GAU Tenerife Sur
3800601032|3800601|38006|38006|38006|GAU Tenerife Sur
3800601033|3800601|38006|38006|38006|GAU Tenerife Sur
3800601034|3800601|38006|38006|38006|GAU Tenerife Sur
3800701001|3800701|38007|38029_AM|38029_AM|38029_AM
3800701002|3800701|38007|38029_AM|38029_AM|38029_AM
3800801001|3800801|38008|38008|38008|38008
3800801002|3800801|38008|38008|38008|38008
3800801003|3800801|38008|38008|38008|38008
3800801004|3800801|38008|38008|38008|38008
3800901001|3800901|38009|38009|38009|38009
3800901002|3800901|38009|38009|38009|38009
3800901003|3800901|38009|38009|38009|38009
3800901004|3800901|38009|38009|38009|38009
3801001001|3801001|38010|38010|38010|38010
3801001002|3801001|38010|38010|38010|38010
3801001003|3801001|38010|38010|38010|38010
3801001004|3801001|38010|38010|38010|38010
3801101001|3801101|38011|3801101|38011|38011
3801101002|3801101|38011|3801101|38011|38011
3801101003|3801101|38011|3801101|38011|38011
3801101004|3801101|38011|3801101|38011|38011
3801101005|3801101|38011|3801101|38011|38011
3801101006|3801101|38011|3801101|38011|38011
3801101007|3801101|38011|3801101|38011|38011
3801101008|3801101|38011|3801101|38011|38011
3801101009|3801101|38011|3801101|38011|38011
3801101010|3801101|38011|3801101|38011|38011
3801101011|3801101|38011|3801101|38011|38011
3801101012|3801101|38011|3801101|38011|38011
3801102001|3801102|38011|3801102|38011|38011
3801102002|3801102|38011|3801102|38011|38011
3801102003|3801102|38011|3801102|38011|38011
3801102004|3801102|38011|3801102|38011|38011
3801102005|3801102|38011|3801102|38011|38011
3801201001|3801201|38012|38012|38012|38012
3801201002|3801201|38012|38012|38012|38012
3801301001|3801301|38013|38013_AM|38013_AM|38013_AM
3801301002|3801301|38013|38013_AM|38013_AM|38013_AM
3801401001|3801401|38014|38053_AM|38053_AM|38053_AM
3801401002|3801401|38014|38053_AM|38053_AM|38053_AM
3801501001|3801501|38015|38015|38015|38015
3801501002|3801501|38015|38015|38015|38015
3801502001|3801502|38015|38015|38015|38015
3801502002|3801502|38015|38015|38015|38015
3801601001|3801601|38016|38029_AM|38029_AM|38029_AM
3801701001|3801701|38017|38017|38017|GAU Tenerife Sur
3801701002|3801701|38017|38017|38017|GAU Tenerife Sur
3801701003|3801701|38017|38017|38017|GAU Tenerife Sur
3801701004|3801701|38017|38017|38017|GAU Tenerife Sur
3801701005|3801701|38017|38017|38017|GAU Tenerife Sur
3801701006|3801701|38017|38017|38017|GAU Tenerife Sur
3801701007|3801701|38017|38017|38017|GAU Tenerife Sur
3801701008|3801701|38017|38017|38017|GAU Tenerife Sur
3801701009|3801701|38017|38017|38017|GAU Tenerife Sur
3801701010|3801701|38017|38017|38017|GAU Tenerife Sur
3801701011|3801701|38017|38017|38017|GAU Tenerife Sur
3801701012|3801701|38017|38017|38017|GAU Tenerife Sur
3801701013|3801701|38017|38017|38017|GAU Tenerife Sur
3801701014|3801701|38017|38017|38017|GAU Tenerife Sur
3801701015|3801701|38017|38017|38017|GAU Tenerife Sur
3801701016|3801701|38017|38017|38017|GAU Tenerife Sur
3801701017|3801701|38017|38017|38017|GAU Tenerife Sur
3801701018|3801701|38017|38017|38017|GAU Tenerife Sur
3801701019|3801701|38017|38017|38017|GAU Tenerife Sur
3801701020|3801701|38017|38017|38017|GAU Tenerife Sur
3801701021|3801701|38017|38017|38017|GAU Tenerife Sur
3801701022|3801701|38017|38017|38017|GAU Tenerife Sur
3801701023|3801701|38017|38017|38017|GAU Tenerife Sur
3801701024|3801701|38017|38017|38017|GAU Tenerife Sur
3801701025|3801701|38017|38017|38017|GAU Tenerife Sur
3801801001|3801801|38018|38018|38018|38018
3801801002|3801801|38018|38018|38018|38018
3801801003|3801801|38018|38018|38018|38018
3801901001|3801901|38019|38019|38019|38019
3801901002|3801901|38019|38019|38019|38019
3801901003|3801901|38019|38019|38019|38019
3801901004|3801901|38019|38019|38019|38019
3801901005|3801901|38019|38019|38019|38019
3801901007|3801901|38019|38019|38019|38019
3801901008|3801901|38019|38019|38019|38019
3801901009|3801901|38019|38019|38019|38019
3801901010|3801901|38019|38019|38019|38019
3801901011|3801901|38019|38019|38019|38019
3802001001|3802001|38020|38020|38020|38020
3802001002|3802001|38020|38020|38020|38020
3802001003|3802001|38020|38020|38020|38020
3802001004|3802001|38020|38020|38020|38020
3802001005|3802001|38020|38020|38020|38020
3802001006|3802001|38020|38020|38020|38020
3802001007|3802001|38020|38020|38020|38020
3802001008|3802001|38020|38020|38020|38020
3802001009|3802001|38020|38020|38020|38020
3802001010|3802001|38020|38020|38020|38020
3802001011|3802001|38020|38020|38020|38020
3802002001|3802002|38020|38020|38020|38020
3802002002|3802002|38020|38020|38020|38020
3802003001|3802003|38020|38020|38020|38020
3802003002|3802003|38020|38020|38020|38020
3802101001|3802101|38021|38021_AM|38021_AM|38021_AM
3802102001|3802102|38021|38021_AM|38021_AM|38021_AM
3802201001|3802201|38022|3802201|38022|38022
3802201002|3802201|38022|3802201|38022|38022
3802201003|3802201|38022|3802201|38022|38022
3802201004|3802201|38022|3802201|38022|38022
3802201005|3802201|38022|3802201|38022|38022
3802201006|3802201|38022|3802201|38022|38022
3802202001|3802202|38022|3802202|38022|38022
3802202002|3802202|38022|3802202|38022|38022
3802203001|3802203|38022|3802203|38022|38022
3802203002|3802203|38022|3802203|38022|38022
3802203003|3802203|38022|3802203|38022|38022
3802203004|3802203|38022|3802203|38022|38022
3802204001|3802204|38022|3802204|38022|38022
3802204002|3802204|38022|3802204|38022|38022
3802204003|3802204|38022|3802204|38022|38022
3802204004|3802204|38022|3802204|38022|38022
3802205001|3802205|38022|3802205|38022|38022
3802205002|3802205|38022|3802205|38022|38022
3802301001|3802301|38023|3802301|38023|GAU Santa Cruz de Tenerife - La Laguna
3802301002|3802301|38023|3802301|38023|GAU Santa Cruz de Tenerife - La Laguna
3802301003|3802301|38023|3802301|38023|GAU Santa Cruz de Tenerife - La Laguna
3802301004|3802301|38023|3802301|38023|GAU Santa Cruz de Tenerife - La Laguna
3802301005|3802301|38023|3802301|38023|GAU Santa Cruz de Tenerife - La Laguna
3802301006|3802301|38023|3802301|38023|GAU Santa Cruz de Tenerife - La Laguna
3802301007|3802301|38023|3802301|38023|GAU Santa Cruz de Tenerife - La Laguna
3802301008|3802301|38023|3802301|38023|GAU Santa Cruz de Tenerife - La Laguna
3802301009|3802301|38023|3802301|38023|GAU Santa Cruz de Tenerife - La Laguna
3802301010|3802301|38023|3802301|38023|GAU Santa Cruz de Tenerife - La Laguna
3802301011|3802301|38023|3802301|38023|GAU Santa Cruz de Tenerife - La Laguna
3802301012|3802301|38023|3802301|38023|GAU Santa Cruz de Tenerife - La Laguna
3802301013|3802301|38023|3802301|38023|GAU Santa Cruz de Tenerife - La Laguna
3802301014|3802301|38023|3802301|38023|GAU Santa Cruz de Tenerife - La Laguna
3802301015|3802301|38023|3802301|38023|GAU Santa Cruz de Tenerife - La Laguna
3802301016|3802301|38023|3802301|38023|GAU Santa Cruz de Tenerife - La Laguna
3802301017|3802301|38023|3802301|38023|GAU Santa Cruz de Tenerife - La Laguna
3802301018|3802301|38023|3802301|38023|GAU Santa Cruz de Tenerife - La Laguna
3802301019|3802301|38023|3802301|38023|GAU Santa Cruz de Tenerife - La Laguna
3802301020|3802301|38023|3802301|38023|GAU Santa Cruz de Tenerife - La Laguna
3802301021|3802301|38023|3802301|38023|GAU Santa Cruz de Tenerife - La Laguna
3802301022|3802301|38023|3802301|38023|GAU Santa Cruz de Tenerife - La Laguna
3802301023|3802301|38023|3802301|38023|GAU Santa Cruz de Tenerife - La Laguna
3802301024|3802301|38023|3802301|38023|GAU Santa Cruz de Tenerife - La Laguna
3802301025|3802301|38023|3802301|38023|GAU Santa Cruz de Tenerife - La Laguna
3802301026|3802301|38023|3802301|38023|GAU Santa Cruz de Tenerife - La Laguna
3802301027|3802301|38023|3802301|38023|GAU Santa Cruz de Tenerife - La Laguna
3802301028|3802301|38023|3802301|38023|GAU Santa Cruz de Tenerife - La Laguna
3802301029|3802301|38023|3802301|38023|GAU Santa Cruz de Tenerife - La Laguna
3802301030|3802301|38023|3802301|38023|GAU Santa Cruz de Tenerife - La Laguna
3802301031|3802301|38023|3802301|38023|GAU Santa Cruz de Tenerife - La Laguna
3802301032|3802301|38023|3802301|38023|GAU Santa Cruz de Tenerife - La Laguna
3802301033|3802301|38023|3802301|38023|GAU Santa Cruz de Tenerife - La Laguna
3802302001|3802302|38023|3802302|38023|GAU Santa Cruz de Tenerife - La Laguna
3802302002|3802302|38023|3802302|38023|GAU Santa Cruz de Tenerife - La Laguna
3802302003|3802302|38023|3802302|38023|GAU Santa Cruz de Tenerife - La Laguna
3802302004|3802302|38023|3802302|38023|GAU Santa Cruz de Tenerife - La Laguna
3802302005|3802302|38023|3802302|38023|GAU Santa Cruz de Tenerife - La Laguna
3802302006|3802302|38023|3802302|38023|GAU Santa Cruz de Tenerife - La Laguna
3802302007|3802302|38023|3802302|38023|GAU Santa Cruz de Tenerife - La Laguna
3802302008|3802302|38023|3802302|38023|GAU Santa Cruz de Tenerife - La Laguna
3802302009|3802302|38023|3802302|38023|GAU Santa Cruz de Tenerife - La Laguna
3802302010|3802302|38023|3802302|38023|GAU Santa Cruz de Tenerife - La Laguna
3802302011|3802302|38023|3802302|38023|GAU Santa Cruz de Tenerife - La Laguna
3802302012|3802302|38023|3802302|38023|GAU Santa Cruz de Tenerife - La Laguna
3802302013|3802302|38023|3802302|38023|GAU Santa Cruz de Tenerife - La Laguna
3802302014|3802302|38023|3802302|38023|GAU Santa Cruz de Tenerife - La Laguna
3802302015|3802302|38023|3802302|38023|GAU Santa Cruz de Tenerife - La Laguna
3802302016|3802302|38023|3802302|38023|GAU Santa Cruz de Tenerife - La Laguna
3802302017|3802302|38023|3802302|38023|GAU Santa Cruz de Tenerife - La Laguna
3802302018|3802302|38023|3802302|38023|GAU Santa Cruz de Tenerife - La Laguna
3802302019|3802302|38023|3802302|38023|GAU Santa Cruz de Tenerife - La Laguna
3802302020|3802302|38023|3802302|38023|GAU Santa Cruz de Tenerife - La Laguna
3802302021|3802302|38023|3802302|38023|GAU Santa Cruz de Tenerife - La Laguna
3802302022|3802302|38023|3802302|38023|GAU Santa Cruz de Tenerife - La Laguna
3802302023|3802302|38023|3802302|38023|GAU Santa Cruz de Tenerife - La Laguna
3802302024|3802302|38023|3802302|38023|GAU Santa Cruz de Tenerife - La Laguna
3802303001|3802303|38023|3802303|38023|GAU Santa Cruz de Tenerife - La Laguna
3802303002|3802303|38023|3802303|38023|GAU Santa Cruz de Tenerife - La Laguna
3802303003|3802303|38023|3802303|38023|GAU Santa Cruz de Tenerife - La Laguna
3802303004|3802303|38023|3802303|38023|GAU Santa Cruz de Tenerife - La Laguna
3802303005|3802303|38023|3802303|38023|GAU Santa Cruz de Tenerife - La Laguna
3802303006|3802303|38023|3802303|38023|GAU Santa Cruz de Tenerife - La Laguna
3802303007|3802303|38023|3802303|38023|GAU Santa Cruz de Tenerife - La Laguna
3802303008|3802303|38023|3802303|38023|GAU Santa Cruz de Tenerife - La Laguna
3802303009|3802303|38023|3802303|38023|GAU Santa Cruz de Tenerife - La Laguna
3802303010|3802303|38023|3802303|38023|GAU Santa Cruz de Tenerife - La Laguna
3802303011|3802303|38023|3802303|38023|GAU Santa Cruz de Tenerife - La Laguna
3802303012|3802303|38023|3802303|38023|GAU Santa Cruz de Tenerife - La Laguna
3802303013|3802303|38023|3802303|38023|GAU Santa Cruz de Tenerife - La Laguna
3802303014|3802303|38023|3802303|38023|GAU Santa Cruz de Tenerife - La Laguna
3802303015|3802303|38023|3802303|38023|GAU Santa Cruz de Tenerife - La Laguna
3802303016|3802303|38023|3802303|38023|GAU Santa Cruz de Tenerife - La Laguna
3802303017|3802303|38023|3802303|38023|GAU Santa Cruz de Tenerife - La Laguna
3802303018|3802303|38023|3802303|38023|GAU Santa Cruz de Tenerife - La Laguna
3802303019|3802303|38023|3802303|38023|GAU Santa Cruz de Tenerife - La Laguna
3802303020|3802303|38023|3802303|38023|GAU Santa Cruz de Tenerife - La Laguna
3802303021|3802303|38023|3802303|38023|GAU Santa Cruz de Tenerife - La Laguna
3802303022|3802303|38023|3802303|38023|GAU Santa Cruz de Tenerife - La Laguna
3802303023|3802303|38023|3802303|38023|GAU Santa Cruz de Tenerife - La Laguna
3802303024|3802303|38023|3802303|38023|GAU Santa Cruz de Tenerife - La Laguna
3802303025|3802303|38023|3802303|38023|GAU Santa Cruz de Tenerife - La Laguna
3802303026|3802303|38023|3802303|38023|GAU Santa Cruz de Tenerife - La Laguna
3802304001|3802304|38023|3802304|38023|GAU Santa Cruz de Tenerife - La Laguna
3802304002|3802304|38023|3802304|38023|GAU Santa Cruz de Tenerife - La Laguna
3802304003|3802304|38023|3802304|38023|GAU Santa Cruz de Tenerife - La Laguna
3802304004|3802304|38023|3802304|38023|GAU Santa Cruz de Tenerife - La Laguna
3802304005|3802304|38023|3802304|38023|GAU Santa Cruz de Tenerife - La Laguna
3802304006|3802304|38023|3802304|38023|GAU Santa Cruz de Tenerife - La Laguna
3802304007|3802304|38023|3802304|38023|GAU Santa Cruz de Tenerife - La Laguna
3802305001|3802305|38023|3802305|38023|GAU Santa Cruz de Tenerife - La Laguna
3802305002|3802305|38023|3802305|38023|GAU Santa Cruz de Tenerife - La Laguna
3802305003|3802305|38023|3802305|38023|GAU Santa Cruz de Tenerife - La Laguna
3802305004|3802305|38023|3802305|38023|GAU Santa Cruz de Tenerife - La Laguna
3802305005|3802305|38023|3802305|38023|GAU Santa Cruz de Tenerife - La Laguna
3802305006|3802305|38023|3802305|38023|GAU Santa Cruz de Tenerife - La Laguna
3802305007|3802305|38023|3802305|38023|GAU Santa Cruz de Tenerife - La Laguna
3802305008|3802305|38023|3802305|38023|GAU Santa Cruz de Tenerife - La Laguna
3802305009|3802305|38023|3802305|38023|GAU Santa Cruz de Tenerife - La Laguna
3802305010|3802305|38023|3802305|38023|GAU Santa Cruz de Tenerife - La Laguna
3802305011|3802305|38023|3802305|38023|GAU Santa Cruz de Tenerife - La Laguna
3802305012|3802305|38023|3802305|38023|GAU Santa Cruz de Tenerife - La Laguna
3802305013|3802305|38023|3802305|38023|GAU Santa Cruz de Tenerife - La Laguna
3802305014|3802305|38023|3802305|38023|GAU Santa Cruz de Tenerife - La Laguna
3802306001|3802306|38023|3802306|38023|GAU Santa Cruz de Tenerife - La Laguna
3802306002|3802306|38023|3802306|38023|GAU Santa Cruz de Tenerife - La Laguna
3802306003|3802306|38023|3802306|38023|GAU Santa Cruz de Tenerife - La Laguna
3802306004|3802306|38023|3802306|38023|GAU Santa Cruz de Tenerife - La Laguna
3802401001|3802401|38024|3802401|38024|38024
3802401002|3802401|38024|3802401|38024|38024
3802401003|3802401|38024|3802401|38024|38024
3802401004|3802401|38024|3802401|38024|38024
3802401005|3802401|38024|3802401|38024|38024
3802401006|3802401|38024|3802401|38024|38024
3802401007|3802401|38024|3802401|38024|38024
3802401008|3802401|38024|3802401|38024|38024
3802402001|3802402|38024|3802402|38024|38024
3802402002|3802402|38024|3802402|38024|38024
3802403001|3802403|38024|3802403|38024|38024
3802403002|3802403|38024|3802403|38024|38024
3802403003|3802403|38024|3802403|38024|38024
3802501001|3802501|38025|38025|38025|38025
3802501002|3802501|38025|38025|38025|38025
3802501003|3802501|38025|38025|38025|38025
3802501004|3802501|38025|38025|38025|38025
3802501005|3802501|38025|38025|38025|38025
3802601001|3802601|38026|3802601|38026|GAU Valle de la Orotava
3802601002|3802601|38026|3802601|38026|GAU Valle de la Orotava
3802601004|3802601|38026|3802601|38026|GAU Valle de la Orotava
3802602001|3802602|38026|3802602|38026|GAU Valle de la Orotava
3802602002|3802602|38026|3802602|38026|GAU Valle de la Orotava
3802602003|3802602|38026|3802602|38026|GAU Valle de la Orotava
3802602004|3802602|38026|3802602|38026|GAU Valle de la Orotava
3802603001|3802603|38026|3802603|38026|GAU Valle de la Orotava
3802603002|3802603|38026|3802603|38026|GAU Valle de la Orotava
3802603003|3802603|38026|3802603|38026|GAU Valle de la Orotava
3802603004|3802603|38026|3802603|38026|GAU Valle de la Orotava
3802603005|3802603|38026|3802603|38026|GAU Valle de la Orotava
3802603006|3802603|38026|3802603|38026|GAU Valle de la Orotava
3802603007|3802603|38026|3802603|38026|GAU Valle de la Orotava
3802604001|3802604|38026|3802604|38026|GAU Valle de la Orotava
3802604002|3802604|38026|3802604|38026|GAU Valle de la Orotava
3802604003|3802604|38026|3802604|38026|GAU Valle de la Orotava
3802604004|3802604|38026|3802604|38026|GAU Valle de la Orotava
3802604005|3802604|38026|3802604|38026|GAU Valle de la Orotava
3802605001|3802605|38026|3802605|38026|GAU Valle de la Orotava
3802605002|3802605|38026|3802605|38026|GAU Valle de la Orotava
3802605003|3802605|38026|3802605|38026|GAU Valle de la Orotava
3802605004|3802605|38026|3802605|38026|GAU Valle de la Orotava
3802605005|3802605|38026|3802605|38026|GAU Valle de la Orotava
3802606001|3802606|38026|3802606|38026|GAU Valle de la Orotava
3802606002|3802606|38026|3802606|38026|GAU Valle de la Orotava
3802606003|3802606|38026|3802606|38026|GAU Valle de la Orotava
3802606004|3802606|38026|3802606|38026|GAU Valle de la Orotava
3802701001|3802701|38027|38027|38027|38027
3802702001|3802702|38027|38027|38027|38027
3802703001|3802703|38027|38027|38027|38027
3802703002|3802703|38027|38027|38027|38027
3802704001|3802704|38027|38027|38027|38027
3802801001|3802801|38028|3802801|38028|GAU Valle de la Orotava
3802801002|3802801|38028|3802801|38028|GAU Valle de la Orotava
3802801003|3802801|38028|3802801|38028|GAU Valle de la Orotava
3802801004|3802801|38028|3802801|38028|GAU Valle de la Orotava
3802802001|3802802|38028|3802802|38028|GAU Valle de la Orotava
3802802002|3802802|38028|3802802|38028|GAU Valle de la Orotava
3802802003|3802802|38028|3802802|38028|GAU Valle de la Orotava
3802802004|3802802|38028|3802802|38028|GAU Valle de la Orotava
3802802005|3802802|38028|3802802|38028|GAU Valle de la Orotava
3802803001|3802803|38028|3802803|38028|GAU Valle de la Orotava
3802803002|3802803|38028|3802803|38028|GAU Valle de la Orotava
3802803003|3802803|38028|3802803|38028|GAU Valle de la Orotava
3802803004|3802803|38028|3802803|38028|GAU Valle de la Orotava
3802803005|3802803|38028|3802803|38028|GAU Valle de la Orotava
3802803006|3802803|38028|3802803|38028|GAU Valle de la Orotava
3802804001|3802804|38028|3802804|38028|GAU Valle de la Orotava
3802804002|3802804|38028|3802804|38028|GAU Valle de la Orotava
3802804003|3802804|38028|3802804|38028|GAU Valle de la Orotava
3802804004|3802804|38028|3802804|38028|GAU Valle de la Orotava
3802804005|3802804|38028|3802804|38028|GAU Valle de la Orotava
3802901001|3802901|38029|38029_AM|38029_AM|38029_AM
3802901002|3802901|38029|38029_AM|38029_AM|38029_AM
3803001001|3803001|38030|38030|38030|38030
3803001002|3803001|38030|38030|38030|38030
3803101001|3803101|38031|3803101|38031|GAU Valle de la Orotava
3803101002|3803101|38031|3803101|38031|GAU Valle de la Orotava
3803101003|3803101|38031|3803101|38031|GAU Valle de la Orotava
3803101004|3803101|38031|3803101|38031|GAU Valle de la Orotava
3803101005|3803101|38031|3803101|38031|GAU Valle de la Orotava
3803101006|3803101|38031|3803101|38031|GAU Valle de la Orotava
3803101007|3803101|38031|3803101|38031|GAU Valle de la Orotava
3803101008|3803101|38031|3803101|38031|GAU Valle de la Orotava
3803102001|3803102|38031|3803102|38031|GAU Valle de la Orotava
3803102002|3803102|38031|3803102|38031|GAU Valle de la Orotava
3803102003|3803102|38031|3803102|38031|GAU Valle de la Orotava
3803103001|3803103|38031|3803103|38031|GAU Valle de la Orotava
3803103002|3803103|38031|3803103|38031|GAU Valle de la Orotava
3803103003|3803103|38031|3803103|38031|GAU Valle de la Orotava
3803103004|3803103|38031|3803103|38031|GAU Valle de la Orotava
3803103005|3803103|38031|3803103|38031|GAU Valle de la Orotava
3803104001|3803104|38031|3803104|38031|GAU Valle de la Orotava
3803104002|3803104|38031|3803104|38031|GAU Valle de la Orotava
3803104003|3803104|38031|3803104|38031|GAU Valle de la Orotava
3803104004|3803104|38031|3803104|38031|GAU Valle de la Orotava
3803105001|3803105|38031|3803105|38031|GAU Valle de la Orotava
3803105002|3803105|38031|3803105|38031|GAU Valle de la Orotava
3803105003|3803105|38031|3803105|38031|GAU Valle de la Orotava
3803106001|3803106|38031|3803106|38031|GAU Valle de la Orotava
3803106002|3803106|38031|3803106|38031|GAU Valle de la Orotava
3803201001|3803201|38032|38032|38032|GAU Santa Cruz de Tenerife - La Laguna
3803201002|3803201|38032|38032|38032|GAU Santa Cruz de Tenerife - La Laguna
3803201003|3803201|38032|38032|38032|GAU Santa Cruz de Tenerife - La Laguna
3803201004|3803201|38032|38032|38032|GAU Santa Cruz de Tenerife - La Laguna
3803201005|3803201|38032|38032|38032|GAU Santa Cruz de Tenerife - La Laguna
3803201006|3803201|38032|38032|38032|GAU Santa Cruz de Tenerife - La Laguna
3803201007|3803201|38032|38032|38032|GAU Santa Cruz de Tenerife - La Laguna
3803201008|3803201|38032|38032|38032|GAU Santa Cruz de Tenerife - La Laguna
3803201009|3803201|38032|38032|38032|GAU Santa Cruz de Tenerife - La Laguna
3803201010|3803201|38032|38032|38032|GAU Santa Cruz de Tenerife - La Laguna
3803201011|3803201|38032|38032|38032|GAU Santa Cruz de Tenerife - La Laguna
3803201012|3803201|38032|38032|38032|GAU Santa Cruz de Tenerife - La Laguna
3803201013|3803201|38032|38032|38032|GAU Santa Cruz de Tenerife - La Laguna
3803301001|3803301|38033|38033|38033|38033
3803301002|3803301|38033|38033|38033|38033
3803301003|3803301|38033|38033|38033|38033
3803302001|3803302|38033|38033|38033|38033
3803401001|3803401|38034|38034|38034|38034
3803401002|3803401|38034|38034|38034|38034
3803401003|3803401|38034|38034|38034|38034
3803401004|3803401|38034|38034|38034|38034
3803501001|3803501|38035|38035_AM|38035_AM|38035_AM
3803501002|3803501|38035|38035_AM|38035_AM|38035_AM
3803501003|3803501|38035|38035_AM|38035_AM|38035_AM
3803501004|3803501|38035|38035_AM|38035_AM|38035_AM
3803501005|3803501|38035|38035_AM|38035_AM|38035_AM
3803501006|3803501|38035|38035_AM|38035_AM|38035_AM
3803501007|3803501|38035|38035_AM|38035_AM|38035_AM
3803501008|3803501|38035|38035_AM|38035_AM|38035_AM
3803501009|3803501|38035|38035_AM|38035_AM|38035_AM
3803601001|3803601|38036|38036_AM|38036_AM|38036_AM
3803601002|3803601|38036|38036_AM|38036_AM|38036_AM
3803601003|3803601|38036|38036_AM|38036_AM|38036_AM
3803601005|3803601|38036|38036_AM|38036_AM|38036_AM
3803601006|3803601|38036|38036_AM|38036_AM|38036_AM
3803601007|3803601|38036|38036_AM|38036_AM|38036_AM
3803701001|3803701|38037|3803701|38037|38037
3803701002|3803701|38037|3803701|38037|38037
3803701003|3803701|38037|3803701|38037|38037
3803702001|3803702|38037|3803702|38037|38037
3803702002|3803702|38037|3803702|38037|38037
3803702003|3803702|38037|3803702|38037|38037
3803702005|3803702|38037|3803702|38037|38037
3803703001|3803703|38037|3803703|38037|38037
3803703002|3803703|38037|3803703|38037|38037
3803703003|3803703|38037|3803703|38037|38037
3803703004|3803703|38037|3803703|38037|38037
3803703005|3803703|38037|3803703|38037|38037
3803801001|3803801|38038|3803801|38038|GAU Santa Cruz de Tenerife - La Laguna
3803801002|3803801|38038|3803801|38038|GAU Santa Cruz de Tenerife - La Laguna
3803801003|3803801|38038|3803801|38038|GAU Santa Cruz de Tenerife - La Laguna
3803801004|3803801|38038|3803801|38038|GAU Santa Cruz de Tenerife - La Laguna
3803801006|3803801|38038|3803801|38038|GAU Santa Cruz de Tenerife - La Laguna
3803801007|3803801|38038|3803801|38038|GAU Santa Cruz de Tenerife - La Laguna
3803801008|3803801|38038|3803801|38038|GAU Santa Cruz de Tenerife - La Laguna
3803801009|3803801|38038|3803801|38038|GAU Santa Cruz de Tenerife - La Laguna
3803801010|3803801|38038|3803801|38038|GAU Santa Cruz de Tenerife - La Laguna
3803801011|3803801|38038|3803801|38038|GAU Santa Cruz de Tenerife - La Laguna
3803801012|3803801|38038|3803801|38038|GAU Santa Cruz de Tenerife - La Laguna
3803802001|3803802|38038|3803802|38038|GAU Santa Cruz de Tenerife - La Laguna
3803802002|3803802|38038|3803802|38038|GAU Santa Cruz de Tenerife - La Laguna
3803802003|3803802|38038|3803802|38038|GAU Santa Cruz de Tenerife - La Laguna
3803802004|3803802|38038|3803802|38038|GAU Santa Cruz de Tenerife - La Laguna
3803802005|3803802|38038|3803802|38038|GAU Santa Cruz de Tenerife - La Laguna
3803802006|3803802|38038|3803802|38038|GAU Santa Cruz de Tenerife - La Laguna
3803802007|3803802|38038|3803802|38038|GAU Santa Cruz de Tenerife - La Laguna
3803802008|3803802|38038|3803802|38038|GAU Santa Cruz de Tenerife - La Laguna
3803802009|3803802|38038|3803802|38038|GAU Santa Cruz de Tenerife - La Laguna
3803803001|3803803|38038|3803803|38038|GAU Santa Cruz de Tenerife - La Laguna
3803803002|3803803|38038|3803803|38038|GAU Santa Cruz de Tenerife - La Laguna
3803803003|3803803|38038|3803803|38038|GAU Santa Cruz de Tenerife - La Laguna
3803803004|3803803|38038|3803803|38038|GAU Santa Cruz de Tenerife - La Laguna
3803803005|3803803|38038|3803803|38038|GAU Santa Cruz de Tenerife - La Laguna
3803803006|3803803|38038|3803803|38038|GAU Santa Cruz de Tenerife - La Laguna
3803803007|3803803|38038|3803803|38038|GAU Santa Cruz de Tenerife - La Laguna
3803803008|3803803|38038|3803803|38038|GAU Santa Cruz de Tenerife - La Laguna
3803803009|3803803|38038|3803803|38038|GAU Santa Cruz de Tenerife - La Laguna
3803803010|3803803|38038|3803803|38038|GAU Santa Cruz de Tenerife - La Laguna
3803803011|3803803|38038|3803803|38038|GAU Santa Cruz de Tenerife - La Laguna
3803803013|3803803|38038|3803803|38038|GAU Santa Cruz de Tenerife - La Laguna
3803803014|3803803|38038|3803803|38038|GAU Santa Cruz de Tenerife - La Laguna
3803803015|3803803|38038|3803803|38038|GAU Santa Cruz de Tenerife - La Laguna
3803803016|3803803|38038|3803803|38038|GAU Santa Cruz de Tenerife - La Laguna
3803803017|3803803|38038|3803803|38038|GAU Santa Cruz de Tenerife - La Laguna
3803803018|3803803|38038|3803803|38038|GAU Santa Cruz de Tenerife - La Laguna
3803803019|3803803|38038|3803803|38038|GAU Santa Cruz de Tenerife - La Laguna
3803803020|3803803|38038|3803803|38038|GAU Santa Cruz de Tenerife - La Laguna
3803804001|3803804|38038|3803804|38038|GAU Santa Cruz de Tenerife - La Laguna
3803804002|3803804|38038|3803804|38038|GAU Santa Cruz de Tenerife - La Laguna
3803804003|3803804|38038|3803804|38038|GAU Santa Cruz de Tenerife - La Laguna
3803804004|3803804|38038|3803804|38038|GAU Santa Cruz de Tenerife - La Laguna
3803804005|3803804|38038|3803804|38038|GAU Santa Cruz de Tenerife - La Laguna
3803804006|3803804|38038|3803804|38038|GAU Santa Cruz de Tenerife - La Laguna
3803804007|3803804|38038|3803804|38038|GAU Santa Cruz de Tenerife - La Laguna
3803804009|3803804|38038|3803804|38038|GAU Santa Cruz de Tenerife - La Laguna
3803804011|3803804|38038|3803804|38038|GAU Santa Cruz de Tenerife - La Laguna
3803804012|3803804|38038|3803804|38038|GAU Santa Cruz de Tenerife - La Laguna
3803804014|3803804|38038|3803804|38038|GAU Santa Cruz de Tenerife - La Laguna
3803804015|3803804|38038|3803804|38038|GAU Santa Cruz de Tenerife - La Laguna
3803805001|3803805|38038|3803805|38038|GAU Santa Cruz de Tenerife - La Laguna
3803805002|3803805|38038|3803805|38038|GAU Santa Cruz de Tenerife - La Laguna
3803805003|3803805|38038|3803805|38038|GAU Santa Cruz de Tenerife - La Laguna
3803805004|3803805|38038|3803805|38038|GAU Santa Cruz de Tenerife - La Laguna
3803805005|3803805|38038|3803805|38038|GAU Santa Cruz de Tenerife - La Laguna
3803805006|3803805|38038|3803805|38038|GAU Santa Cruz de Tenerife - La Laguna
3803805007|3803805|38038|3803805|38038|GAU Santa Cruz de Tenerife - La Laguna
3803805008|3803805|38038|3803805|38038|GAU Santa Cruz de Tenerife - La Laguna
3803805009|3803805|38038|3803805|38038|GAU Santa Cruz de Tenerife - La Laguna
3803805010|3803805|38038|3803805|38038|GAU Santa Cruz de Tenerife - La Laguna
3803805011|3803805|38038|3803805|38038|GAU Santa Cruz de Tenerife - La Laguna
3803805012|3803805|38038|3803805|38038|GAU Santa Cruz de Tenerife - La Laguna
3803805013|3803805|38038|3803805|38038|GAU Santa Cruz de Tenerife - La Laguna
3803805014|3803805|38038|3803805|38038|GAU Santa Cruz de Tenerife - La Laguna
3803805015|3803805|38038|3803805|38038|GAU Santa Cruz de Tenerife - La Laguna
3803806001|3803806|38038|3803806|38038|GAU Santa Cruz de Tenerife - La Laguna
3803806002|3803806|38038|3803806|38038|GAU Santa Cruz de Tenerife - La Laguna
3803806003|3803806|38038|3803806|38038|GAU Santa Cruz de Tenerife - La Laguna
3803806004|3803806|38038|3803806|38038|GAU Santa Cruz de Tenerife - La Laguna
3803806005|3803806|38038|3803806|38038|GAU Santa Cruz de Tenerife - La Laguna
3803806006|3803806|38038|3803806|38038|GAU Santa Cruz de Tenerife - La Laguna
3803806007|3803806|38038|3803806|38038|GAU Santa Cruz de Tenerife - La Laguna
3803806008|3803806|38038|3803806|38038|GAU Santa Cruz de Tenerife - La Laguna
3803806010|3803806|38038|3803806|38038|GAU Santa Cruz de Tenerife - La Laguna
3803806011|3803806|38038|3803806|38038|GAU Santa Cruz de Tenerife - La Laguna
3803806012|3803806|38038|3803806|38038|GAU Santa Cruz de Tenerife - La Laguna
3803806013|3803806|38038|3803806|38038|GAU Santa Cruz de Tenerife - La Laguna
3803806014|3803806|38038|3803806|38038|GAU Santa Cruz de Tenerife - La Laguna
3803806016|3803806|38038|3803806|38038|GAU Santa Cruz de Tenerife - La Laguna
3803806017|3803806|38038|3803806|38038|GAU Santa Cruz de Tenerife - La Laguna
3803806018|3803806|38038|3803806|38038|GAU Santa Cruz de Tenerife - La Laguna
3803806019|3803806|38038|3803806|38038|GAU Santa Cruz de Tenerife - La Laguna
3803806020|3803806|38038|3803806|38038|GAU Santa Cruz de Tenerife - La Laguna
3803806021|3803806|38038|3803806|38038|GAU Santa Cruz de Tenerife - La Laguna
3803806022|3803806|38038|3803806|38038|GAU Santa Cruz de Tenerife - La Laguna
3803806023|3803806|38038|3803806|38038|GAU Santa Cruz de Tenerife - La Laguna
3803806025|3803806|38038|3803806|38038|GAU Santa Cruz de Tenerife - La Laguna
3803806026|3803806|38038|3803806|38038|GAU Santa Cruz de Tenerife - La Laguna
3803806028|3803806|38038|3803806|38038|GAU Santa Cruz de Tenerife - La Laguna
3803806029|3803806|38038|3803806|38038|GAU Santa Cruz de Tenerife - La Laguna
3803807001|3803807|38038|3803807_AD|38038|GAU Santa Cruz de Tenerife - La Laguna
3803807002|3803807|38038|3803807_AD|38038|GAU Santa Cruz de Tenerife - La Laguna
3803807003|3803807|38038|3803807_AD|38038|GAU Santa Cruz de Tenerife - La Laguna
3803807004|3803807|38038|3803807_AD|38038|GAU Santa Cruz de Tenerife - La Laguna
3803807005|3803807|38038|3803807_AD|38038|GAU Santa Cruz de Tenerife - La Laguna
3803807006|3803807|38038|3803807_AD|38038|GAU Santa Cruz de Tenerife - La Laguna
3803807007|3803807|38038|3803807_AD|38038|GAU Santa Cruz de Tenerife - La Laguna
3803807009|3803807|38038|3803807_AD|38038|GAU Santa Cruz de Tenerife - La Laguna
3803808001|3803808|38038|3803807_AD|38038|GAU Santa Cruz de Tenerife - La Laguna
3803809001|3803809|38038|3803809|38038|GAU Santa Cruz de Tenerife - La Laguna
3803809002|3803809|38038|3803809|38038|GAU Santa Cruz de Tenerife - La Laguna
3803809003|3803809|38038|3803809|38038|GAU Santa Cruz de Tenerife - La Laguna
3803809006|3803809|38038|3803809|38038|GAU Santa Cruz de Tenerife - La Laguna
3803809007|3803809|38038|3803809|38038|GAU Santa Cruz de Tenerife - La Laguna
3803809009|3803809|38038|3803809|38038|GAU Santa Cruz de Tenerife - La Laguna
3803809010|3803809|38038|3803809|38038|GAU Santa Cruz de Tenerife - La Laguna
3803809011|3803809|38038|3803809|38038|GAU Santa Cruz de Tenerife - La Laguna
3803809012|3803809|38038|3803809|38038|GAU Santa Cruz de Tenerife - La Laguna
3803809014|3803809|38038|3803809|38038|GAU Santa Cruz de Tenerife - La Laguna
3803809015|3803809|38038|3803809|38038|GAU Santa Cruz de Tenerife - La Laguna
3803809016|3803809|38038|3803809|38038|GAU Santa Cruz de Tenerife - La Laguna
3803809018|3803809|38038|3803809|38038|GAU Santa Cruz de Tenerife - La Laguna
3803809019|3803809|38038|3803809|38038|GAU Santa Cruz de Tenerife - La Laguna
3803809021|3803809|38038|3803809|38038|GAU Santa Cruz de Tenerife - La Laguna
3803809022|3803809|38038|3803809|38038|GAU Santa Cruz de Tenerife - La Laguna
3803810001|3803810|38038|3803810|38038|GAU Santa Cruz de Tenerife - La Laguna
3803810002|3803810|38038|3803810|38038|GAU Santa Cruz de Tenerife - La Laguna
3803810003|3803810|38038|3803810|38038|GAU Santa Cruz de Tenerife - La Laguna
3803810004|3803810|38038|3803810|38038|GAU Santa Cruz de Tenerife - La Laguna
3803810005|3803810|38038|3803810|38038|GAU Santa Cruz de Tenerife - La Laguna
3803810006|3803810|38038|3803810|38038|GAU Santa Cruz de Tenerife - La Laguna
3803810007|3803810|38038|3803810|38038|GAU Santa Cruz de Tenerife - La Laguna
3803810008|3803810|38038|3803810|38038|GAU Santa Cruz de Tenerife - La Laguna
3803810009|3803810|38038|3803810|38038|GAU Santa Cruz de Tenerife - La Laguna
3803810010|3803810|38038|3803810|38038|GAU Santa Cruz de Tenerife - La Laguna
3803810011|3803810|38038|3803810|38038|GAU Santa Cruz de Tenerife - La Laguna
3803810012|3803810|38038|3803810|38038|GAU Santa Cruz de Tenerife - La Laguna
3803810013|3803810|38038|3803810|38038|GAU Santa Cruz de Tenerife - La Laguna
3803810014|3803810|38038|3803810|38038|GAU Santa Cruz de Tenerife - La Laguna
3803810015|3803810|38038|3803810|38038|GAU Santa Cruz de Tenerife - La Laguna
3803810016|3803810|38038|3803810|38038|GAU Santa Cruz de Tenerife - La Laguna
3803811001|3803811|38038|3803811|38038|GAU Santa Cruz de Tenerife - La Laguna
3803811002|3803811|38038|3803811|38038|GAU Santa Cruz de Tenerife - La Laguna
3803811003|3803811|38038|3803811|38038|GAU Santa Cruz de Tenerife - La Laguna
3803811004|3803811|38038|3803811|38038|GAU Santa Cruz de Tenerife - La Laguna
3803811005|3803811|38038|3803811|38038|GAU Santa Cruz de Tenerife - La Laguna
3803811006|3803811|38038|3803811|38038|GAU Santa Cruz de Tenerife - La Laguna
3803811007|3803811|38038|3803811|38038|GAU Santa Cruz de Tenerife - La Laguna
3803811008|3803811|38038|3803811|38038|GAU Santa Cruz de Tenerife - La Laguna
3803811009|3803811|38038|3803811|38038|GAU Santa Cruz de Tenerife - La Laguna
3803811010|3803811|38038|3803811|38038|GAU Santa Cruz de Tenerife - La Laguna
3803811011|3803811|38038|3803811|38038|GAU Santa Cruz de Tenerife - La Laguna
3803811012|3803811|38038|3803811|38038|GAU Santa Cruz de Tenerife - La Laguna
3803811013|3803811|38038|3803811|38038|GAU Santa Cruz de Tenerife - La Laguna
3803811014|3803811|38038|3803811|38038|GAU Santa Cruz de Tenerife - La Laguna
3803811015|3803811|38038|3803811|38038|GAU Santa Cruz de Tenerife - La Laguna
3803811016|3803811|38038|3803811|38038|GAU Santa Cruz de Tenerife - La Laguna
3803811017|3803811|38038|3803811|38038|GAU Santa Cruz de Tenerife - La Laguna
3803811018|3803811|38038|3803811|38038|GAU Santa Cruz de Tenerife - La Laguna
3803811019|3803811|38038|3803811|38038|GAU Santa Cruz de Tenerife - La Laguna
3803811020|3803811|38038|3803811|38038|GAU Santa Cruz de Tenerife - La Laguna
3803811021|3803811|38038|3803811|38038|GAU Santa Cruz de Tenerife - La Laguna
3803812001|3803812|38038|3803812|38038|GAU Santa Cruz de Tenerife - La Laguna
3803812002|3803812|38038|3803812|38038|GAU Santa Cruz de Tenerife - La Laguna
3803812003|3803812|38038|3803812|38038|GAU Santa Cruz de Tenerife - La Laguna
3803812004|3803812|38038|3803812|38038|GAU Santa Cruz de Tenerife - La Laguna
3803812005|3803812|38038|3803812|38038|GAU Santa Cruz de Tenerife - La Laguna
3803812006|3803812|38038|3803812|38038|GAU Santa Cruz de Tenerife - La Laguna
3803812007|3803812|38038|3803812|38038|GAU Santa Cruz de Tenerife - La Laguna
3803812008|3803812|38038|3803812|38038|GAU Santa Cruz de Tenerife - La Laguna
3803812009|3803812|38038|3803812|38038|GAU Santa Cruz de Tenerife - La Laguna
3803812010|3803812|38038|3803812|38038|GAU Santa Cruz de Tenerife - La Laguna
3803812011|3803812|38038|3803812|38038|GAU Santa Cruz de Tenerife - La Laguna
3803901001|3803901|38039|38039|38039|38039
3803901002|3803901|38039|38039|38039|38039
3803901003|3803901|38039|38039|38039|38039
3803901004|3803901|38039|38039|38039|38039
3803901005|3803901|38039|38039|38039|38039
3803901006|3803901|38039|38039|38039|38039
3803901007|3803901|38039|38039|38039|38039
3803901008|3803901|38039|38039|38039|38039
3803901009|3803901|38039|38039|38039|38039
3804001001|3804001|38040|38040|38040|38040
3804001002|3804001|38040|38040|38040|38040
3804001003|3804001|38040|38040|38040|38040
3804001004|3804001|38040|38040|38040|38040
3804101001|3804101|38041|38041|38041|38041
3804101002|3804101|38041|38041|38041|38041
3804101003|3804101|38041|38041|38041|38041
3804101004|3804101|38041|38041|38041|38041
3804101005|3804101|38041|38041|38041|38041
3804101006|3804101|38041|38041|38041|38041
3804201001|3804201|38042|38042|38042|38042
3804201002|3804201|38042|38042|38042|38042
3804201003|3804201|38042|38042|38042|38042
3804201004|3804201|38042|38042|38042|38042
3804301001|3804301|38043|38043|38043|GAU Santa Cruz de Tenerife - La Laguna
3804301002|3804301|38043|38043|38043|GAU Santa Cruz de Tenerife - La Laguna
3804301003|3804301|38043|38043|38043|GAU Santa Cruz de Tenerife - La Laguna
3804301004|3804301|38043|38043|38043|GAU Santa Cruz de Tenerife - La Laguna
3804301005|3804301|38043|38043|38043|GAU Santa Cruz de Tenerife - La Laguna
3804301006|3804301|38043|38043|38043|GAU Santa Cruz de Tenerife - La Laguna
3804301007|3804301|38043|38043|38043|GAU Santa Cruz de Tenerife - La Laguna
3804301008|3804301|38043|38043|38043|GAU Santa Cruz de Tenerife - La Laguna
3804301009|3804301|38043|38043|38043|GAU Santa Cruz de Tenerife - La Laguna
3804301010|3804301|38043|38043|38043|GAU Santa Cruz de Tenerife - La Laguna
3804301011|3804301|38043|38043|38043|GAU Santa Cruz de Tenerife - La Laguna
3804301012|3804301|38043|38043|38043|GAU Santa Cruz de Tenerife - La Laguna
3804301013|3804301|38043|38043|38043|GAU Santa Cruz de Tenerife - La Laguna
3804301014|3804301|38043|38043|38043|GAU Santa Cruz de Tenerife - La Laguna
3804301015|3804301|38043|38043|38043|GAU Santa Cruz de Tenerife - La Laguna
3804401001|3804401|38044|38044|38044|38044
3804401002|3804401|38044|38044|38044|38044
3804501001|3804501|38045|38045|38045|38045
3804501002|3804501|38045|38045|38045|38045
3804501003|3804501|38045|38045|38045|38045
3804501004|3804501|38045|38045|38045|38045
3804601001|3804601|38046|38046|38046|GAU Santa Cruz de Tenerife - La Laguna
3804601002|3804601|38046|38046|38046|GAU Santa Cruz de Tenerife - La Laguna
3804601003|3804601|38046|38046|38046|GAU Santa Cruz de Tenerife - La Laguna
3804601004|3804601|38046|38046|38046|GAU Santa Cruz de Tenerife - La Laguna
3804601005|3804601|38046|38046|38046|GAU Santa Cruz de Tenerife - La Laguna
3804601006|3804601|38046|38046|38046|GAU Santa Cruz de Tenerife - La Laguna
3804601007|3804601|38046|38046|38046|GAU Santa Cruz de Tenerife - La Laguna
3804701001|3804701|38047|38047|38047|38047
3804701002|3804701|38047|38047|38047|38047
3804801001|3804801|38048|38048|38048|38048
3804801002|3804801|38048|38048|38048|38048
3804801004|3804801|38048|38048|38048|38048
3804901001|3804901|38049|38049|38049|38049
3804901002|3804901|38049|38049|38049|38049
3805001001|3805001|38050|38050|38050|38050
3805003001|3805003|38050|38050|38050|38050
3805101001|3805101|38051|38051|38051|38051
3805101002|3805101|38051|38051|38051|38051
3805101003|3805101|38051|38051|38051|38051
3805101004|3805101|38051|38051|38051|38051
3805101005|3805101|38051|38051|38051|38051
3805101006|3805101|38051|38051|38051|38051
3805101007|3805101|38051|38051|38051|38051
3805201001|3805201|38052|38035_AM|38035_AM|38035_AM
3805301001|3805301|38053|38053_AM|38053_AM|38053_AM
3805301002|3805301|38053|38053_AM|38053_AM|38053_AM
3805301003|3805301|38053|38053_AM|38053_AM|38053_AM
3805301004|3805301|38053|38053_AM|38053_AM|38053_AM
3805301005|3805301|38053|38053_AM|38053_AM|38053_AM
3890101001|3890101|38901|38013_AM|38013_AM|38013_AM